id,name,address,website,phone_number,reviews_count,reviews_avg,category,subcategory,city,state,area,created_at,email
2,FAIZ CAR SCRAP DEALER NOIDA,L - 2,https://broken-workshop.dequelabs.com/,7303703569,7,5,Scrap Dealers,Kabadiwala & Scrap Merchant,Noida,Uttar Pradesh,L - 2,2026-02-25 21:13:09,
3,Mahesh Drycleaners,"Shop No. 3, Suyog Apartment, Opp. Chanakya Hotel, Yash Palace Kothi Road",,9028183008,2,3,Laundry Service,Dry cleaner,ftest,Maharashtra,Shop No. 3,2026-02-25 21:13:09,
4,Jagtap Sarvice Center,"Shop No 2, Tathagat Chowk",https://free-ats-scanner.streamlit.app/,9960490693,0,0,Auto Parts Dealers,Auto parts store,Ambajogai,Maharashtra,Shop No 2,2026-02-25 21:13:09,
5,Elite Design Archo - Jaipur interior designer,"Tonk Rd, in front of 58, near Pinjarapole Gaushala",,9828185382,64,5,Interior Designers,Interior designer,Jaipur,Rajasthan,Tonk Rd,2026-02-25 21:13:09,
6,"SRI MAHALAKSHMI FURNITURES , furniture shop","NEW BUS STAND, near VADIVELU COFFEE BAR, KOVIL PATHU ROAD",,9585111000,0,1,furniture store,,Karaikal,Puducherry,NEW BUS STAND,2026-02-25 21:13:09,
7,MS SCRAPE COMPANY,D 359,,8826527864,11,5,Scrap Dealers,Scrap metal dealer,Noida,Uttar Pradesh,D 359,2026-02-25 21:13:09,
8,FB Dry Clean,"Old Taluka Police Station, near Kanhaiya Patang",,8805313971,1,5,Laundry Service,Dry cleaner,Ahmednagar,Maharashtra,Old Taluka Police Station,2026-02-25 21:13:09,
9,ADVOCATE ABHIJEET LAHARE,"Temporarily closed] DSP Chowk, Govindpura, Office No.01, Ahmednagar Court, Savedi Rd, beside Advocate",,9881233388,0,0,Legal Services,Attorney,Ahmednagar,Maharashtra,DSP Chowk,2026-02-25 21:13:09,
10,Sadiya Automobiles,"Vidyanagar, Bid, SH-187, Parli Ambajogai Ahemadpur Road, Beed",,8793117777,3,4.3,Auto Parts Dealers,Auto parts store,Ambajogai,Maharashtra,Vidyanagar,2026-02-25 21:13:09,
11,Nageshwar Drycleaners,"Gadalkar towers, market yard, Sarasnagar Rd",,9175727594,2,5,Laundry Service,Dry cleaner,Ahmednagar,Maharashtra,Gadalkar towers,2026-02-25 21:13:09,
12,The French Decors,Kamarajar Salai,,9786066200,0,4.8,furniture store,Interior designer,Karaikal,Puducherry,Kamarajar Salai,2026-02-25 21:13:09,
13,Jaipur Interiors,"Ground Floor, C-37, opp. HDFC Bank, behind Brightlands Girls Senior Secondary School",,9001361199,29,4.1,Interior Designers,Interior designer,Jaipur,Rajasthan,Ground Floor,2026-02-25 21:13:09,
14,KrushnaPrakash Home Cleaning Services,Road,,8805258877,22,4.8,Laundry Service,Cleaners,Ahmednagar,Maharashtra,Road,2026-02-25 21:13:09,
15,Kgn Tyers,"Shop no 01, Shivaji Chowk",,9850145015,1,5,Auto Parts Dealers,Auto parts store,Ambajogai,Maharashtra,Shop no 01,2026-02-25 21:13:09,
16,Scrap point call,car point,,9871502018,7,5,Scrap Dealers,Scrap metal dealer,Noida,Uttar Pradesh,car point,2026-02-25 21:13:09,
17,"Livspace - Interior Design Studio, Vaishali Nagar",No. 171,,8035383184,3788,4.9,Interior Designers,Interior designer,Jaipur,Rajasthan,No. 171,2026-02-25 21:13:09,
18,Exide Care - Power Care Point,"Ground Floor, Nagsen Nagar, opposite Petrol Pump",,8069352485,3,5,Auto Parts Dealers,Battery Store,Ambajogai,Maharashtra,Ground Floor,2026-02-25 21:13:09,
19,PRIYANKA LONDRY,"Shop No 01, New, Tarakpur Rd",,9273556743,1,5,Laundry Service,Dry cleaner,Ahmednagar,Maharashtra,Shop No 01,2026-02-25 21:13:09,
20,A.L Teak Furniture,"284, 3, Bharathiyar Rd",,7530090903,0,1,furniture store,,Karaikal,Puducherry,284,2026-02-25 21:13:09,
21,ADVOCATE VINOD GAIKWAD,"Temporarily closed] Office No 1, Old, Court Galli, near Court",,9822043123,0,0,Legal Services,Attorney,Ahmednagar,Maharashtra,Office No 1,2026-02-25 21:13:09,
22,SATISH SERVICE POINT,"Shop No. 1, Mondha Rd",,9309901180,0,0,Auto Parts Dealers,Auto parts store,Ambajogai,Maharashtra,Shop No. 1,2026-02-25 21:13:09,
23,Dumpitindia,"E-109, 1st floor",,9582777731,34,4.9,Scrap Dealers,Scrap metal dealer,Noida,Uttar Pradesh,E-109,2026-02-25 21:13:09,
24,Vishwas Cleaners,"1, Shivneri Chowk Rd",,9822758836,0,0,Laundry Service,Dry cleaner,Ahmednagar,Maharashtra,1,2026-02-25 21:13:09,
25,GALAXY MODULAR KITCHEN - Interior Designer in Karaikal,"258, Thirunallar Rd",,9488894703,0,4.3,furniture store,Interior designer,Karaikal,Puducherry,258,2026-02-25 21:13:09,
26,IDBI Bank,"Dr. Rakhe Bunglow, Ambajogai, Medical College Road District- Beed Maharashtra, Pin - 431517",,2446247142,4,3,Banks,Bank,Ambajogai,Maharashtra,Dr. Rakhe Bunglow,2026-02-25 21:13:09,
27,RK Space Interior Designers,"131, Q Block, Mansarovar",,8503070867,53,5,Interior Designers,Interior designer,Jaipur,Rajasthan,131,2026-02-25 21:13:09,
28,Delight Info Services,"109, Pink City 2, Joshi Marg, Kalwar Rd",,9549096969,36,5,IT Services,Software company,Jaipur,Rajasthan,109,2026-02-25 21:13:09,
29,Ruptakke & Sons Tax and Project Consultant,Temporarily closed] behind Raj Hospital,,9823767476,0,0,Legal Services,Tax attorney,Ahmednagar,Maharashtra,behind Raj Hospital,2026-02-25 21:13:09,
30,Shree Automobiles And Oil Agencies,"Temporarily closed] Shree Automobiles, 1, Beed Road",,9107037007,2,2,Auto Parts Dealers,Auto parts store,Ambajogai,Maharashtra,Shree Automobiles,2026-02-25 21:13:09,
31,Anas scrap traders,Radha Krishna mandir,,9899052614,6,4,Scrap Dealers,Kabadiwala & Scrap Merchant,Noida,Uttar Pradesh,Radha Krishna mandir,2026-02-25 21:13:09,
32,Sachin Londry,"Anand Hospital, near Anand Hospital",,9657899706,0,0,Laundry Service,Dry cleaner,Ahmednagar,Maharashtra,Anand Hospital,2026-02-25 21:13:09,
33,Elite Interior & Decor,a-16,,9460987324,259,4.9,Interior Designers,Interior designer,Jaipur,Rajasthan,a-16,2026-02-25 21:13:09,
34,Indian CNC Craving,"WRGM+5RM, French Teacher St",,9786876586,0,5,furniture store,,Karaikal,Puducherry,WRGM+5RM,2026-02-25 21:13:09,
35,SAI TANK CLEANING SERVICES,Plot no 17,,9028330599,28,4.8,Laundry Service,Cleaners,Ahmednagar,Maharashtra,Plot no 17,2026-02-25 21:13:09,
36,Zargar Automobiles,"Temporarily closed] Shop No 2, Markaz Complex",,9420604758,0,0,Auto Parts Dealers,Auto parts store,Ambajogai,Maharashtra,Shop No 2,2026-02-25 21:13:09,
37,Shri Samarth Drycleners,"Shop No 01, Patwardhan Chowk",,7304670909,2,5,Laundry Service,Dry cleaner,Ahmednagar,Maharashtra,Shop No 01,2026-02-25 21:13:09,
38,Sainath LED Boards - LED & Sign Board,"Shanti school, Ambedkar Rd, near Shanti School",,7000562994,3,5,Advertising agency,Sign shop,Raghogarh,Madhya Pradesh,Shanti school,2026-02-25 21:13:09,
39,DS REFRIGERATION,"shop cha samor, Hanuman temple kutar vihir, Kholeshwar vidhyalay Sonai milk",,9579768196,141,5,AC Service,Air conditioning repair service,Ambajogai,Maharashtra,shop cha samor,2026-02-25 21:13:09,
40,Ambajogai Peoples Bank Ltd,"94M9+GXX, MH SH 217",,2385251511,5,4,Banks,Bank,Ambajogai,Maharashtra,94M9+GXX,2026-02-25 21:13:09,
41,SHIVKRUPA LAUNDRY,"shop no, Brahman Ln, near annad lodge",,9579655395,0,0,Laundry Service,,Ahmednagar,Maharashtra,shop no,2026-02-25 21:13:09,
42,SRI FURNITURE MART,"Temporarily closed] 139, Kumbakonam - Karaikal Rd",,8220550763,4,4.5,furniture store,Furniture accessories,Karaikal,Puducherry,139,2026-02-25 21:13:09,
43,MALIK kabadi wala scrap online Noida pick up service ?,"Center, Char Murti Chowk, Near, Taj Hwy",,9205513402,83,4.8,Scrap Dealers,Waste management service,Noida,Uttar Pradesh,Center,2026-02-25 21:13:09,
44,Dilbahar Laundry,"Shop No 1, Brahman Ln, opp. Abhishek Lodge",,7276499709,0,0,Laundry Service,,Ahmednagar,Maharashtra,Shop No 1,2026-02-25 21:13:09,
45,Funchinoz & 72Learning,"C-72(B, Sarojini Marg",,9928784003,39,4.7,kids park,Children's amusement center,Jaipur,Rajasthan,C-72(B,2026-02-25 21:13:09,
46,Al Ashick furniture,"105, Maideen Palli St",,6381354221,2,4,furniture store,Furniture maker,Karaikal,Puducherry,105,2026-02-25 21:13:09,
47,"LN-TechInfo – Website Development, Digital Marketing & IT Solutions in Jaipur","Kedia Place, GA-82, Rameshwar Dham Colony, opposite H P petrol pump",,7976970659,34,4.9,Internet Website Designers,Website designer,Jaipur,Rajasthan,Kedia Place,2026-02-25 21:13:09,
48,Kajve Automobiles,"Temporarily closed] Shop No 01, Parli Rd",,9762336077,0,0,Auto Parts Dealers,Auto parts store,Ambajogai,Maharashtra,Shop No 01,2026-02-25 21:13:09,
49,SBI AMCC Ambajogai,1800 1234,,18001234,0,0,Banks,Bank,Ambajogai,Maharashtra,1800 1234,2026-02-25 21:13:09,
50,Sachin Londry,"Shop No 1, Nagar, Ahmednagar - Aurangabad Rd, opp. Jio Pump",,9604570537,0,0,Laundry Service,Dry cleaner,Ahmednagar,Maharashtra,Shop No 1,2026-02-25 21:13:09,
51,Funopolis - Play Zone For Kids,"Indian Oil Petrol Pump, 27-28, opposite Sector 3",,9001819840,196,4.8,kids park,Playground,Jaipur,Rajasthan,Indian Oil Petrol Pump,2026-02-25 21:13:09,
52,MMB IT SOLUTIONS,"126, Galta Rd, near Jharene Wale Hanuman ji",,7665544470,20,5,IT Services,Website designer,Jaipur,Rajasthan,126,2026-02-25 21:13:09,
53,Super Drycleaners,"Shop No 01, Alamgir Rd",,8623001421,0,0,Laundry Service,Dry cleaner,Ahmednagar,Maharashtra,Shop No 01,2026-02-25 21:13:09,
54,Novel Web Creation,"2, near Jwala Mata Mandir",,9166885658,40,4.2,Internet Website Designers,Website designer,Jaipur,Rajasthan,2,2026-02-25 21:13:09,
55,Emarketing24,082901 15420,,8290115420,0,0,Advertising agency,Internet marketing service,Raghogarh,Madhya Pradesh,082901 15420,2026-02-25 21:13:09,
56,Mentor IT Services,077373 78215,,7737378215,3,5,IT Services,Software company,Jaipur,Rajasthan,077373 78215,2026-02-25 21:13:09,
57,Shree Ganesh Refrigerations Services,"Bhagat Singh Chowk, beside Rohit Dental clinic",,7219050132,5,4.6,AC Service,Air conditioning repair service,Ambajogai,Maharashtra,Bhagat Singh Chowk,2026-02-25 21:13:09,
58,CANARA BANK - AMBEJOGAI,"SR.NO.348, Ambedkar Chowk, 3 B, Parli Rd",,18001030,0,0,Banks,Bank,Ambajogai,Maharashtra,SR.NO.348,2026-02-25 21:13:09,
59,Softhunters - web design and development,"first floor, 90/10, Patel Marg",,9887022825,187,4.5,Internet Website Designers,Website designer,Jaipur,Rajasthan,first floor,2026-02-25 21:13:09,
60,S K TRADERS,"Temporarily closed] national highway 24, Fatehganj west, near udan global school",,7983416907,0,0,Scrap Dealers,Scrap metal dealer,Bareilly,Uttar Pradesh,national highway 24,2026-02-25 21:13:09,
61,Luxora Interiors,"2nd Floor, Gulab Market, Plot No. 10/16 & 10/17, Chitrakoot Marg, near Hope Hospital",,9636322322,169,4.8,Interior Designers,Interior designer,Jaipur,Rajasthan,2nd Floor,2026-02-25 21:13:09,
62,"Shri Chhatrapati Rajarshi Shahu Urban Co-Op Bank Ltd., Beed","Infront Of Baroda Bank,Housing Society 1St Floor Of Narsing Dargad's House",,2442222154,2,4.5,Banks,Bank,Ambajogai,Maharashtra,Infront Of Baroda Bank,2026-02-25 21:13:09,
63,Creative Web Pixel,"Plot No 5, Jai Bharat Nagrar",,9799046595,218,4.6,Internet Website Designers,Website designer,Jaipur,Rajasthan,Plot No 5,2026-02-25 21:13:09,
64,Digital E Touch Technologies,E-59,,7426082929,58,4.9,Internet Website Designers,Website designer,Jaipur,Rajasthan,E-59,2026-02-25 21:13:09,
65,Infonic Solutions,"Office No 2, Second Floor Krishna Tower 1 st Swroop Colony, Heera Nagar Mode, Ajmer Rd",,9782860519,9,4.8,IT Services,Software company,Jaipur,Rajasthan,Office No 2,2026-02-25 21:13:09,
66,M/S Pappu Enterprises - Scrap Dealer,"Gejha Rd, near Yatharth Hospital",,9350251280,21,4.5,Scrap Dealers,Kabadiwala & Scrap Merchant,Noida,Uttar Pradesh,Gejha Rd,2026-02-25 21:13:09,
67,Somnath Dry Cleaners,"Shop No. A1, Near, Kinetic Chowk Rd",,8888430456,0,0,Laundry Service,Dry cleaner,Ahmednagar,Maharashtra,Shop No. A1,2026-02-25 21:13:09,
68,Asar Media - Marketing Agency,090015 65516,,9001565516,0,0,Advertising agency,Branding agency,Raghogarh,Madhya Pradesh,090015 65516,2026-02-25 21:13:09,
69,Punam Arts,Temporarily closed] Shop No 1,,8379858282,0,0,Auto Parts Dealers,Auto parts store,Ambajogai,Maharashtra,Shop No 1,2026-02-25 21:13:09,
70,Interlay Interiors,Shop No. 274,,9680733040,119,4.9,Interior Designers,Interior designer,Jaipur,Rajasthan,Shop No. 274,2026-02-25 21:13:09,
71,MK Web Experts,"1-2-3, Arya Nagar Rd",,9352206788,7,5,Internet Website Designers,Website designer,Jaipur,Rajasthan,1-2-3,2026-02-25 21:13:09,
72,i4 Consulting Pvt. Ltd. - Business n IT Consulting Services,"68/SP3, Jagruti Rd",,9828086155,75,4,IT Services,Software company,Jaipur,Rajasthan,68/SP3,2026-02-25 21:13:09,
73,Viraj Enterprises,Ambajogai Rd,,9005054405,258,4.9,AC Service,Air conditioning repair service,Ambajogai,Maharashtra,Ambajogai Rd,2026-02-25 21:13:09,
74,Simply IT Solutions Pvt. Ltd.,"190, Ajmer Rd",,9461469006,4,4.5,IT Services,Web hosting company,Jaipur,Rajasthan,190,2026-02-25 21:13:09,
75,"DG Production House - Digital Advertisement, Graphics Design & Video Marketing Agency in Gwalior.",091317 22185,,9131722185,2,5,Advertising agency,,Raghogarh,Madhya Pradesh,091317 22185,2026-02-25 21:13:09,
76,Novel Web Solution,"S-6, 2nd Floor, Jeevan Vihar Complex, Near, Mirza Ismail Rd",,9214100888,64,4.7,Internet Website Designers,Website designer,Jaipur,Rajasthan,S-6,2026-02-25 21:13:09,
77,Logocreativearts,089624 94792,,8962494792,0,0,Advertising agency,Marketing agency,Raghogarh,Madhya Pradesh,089624 94792,2026-02-25 21:13:09,
78,Groot Software,"Parmeshwar property Wale ke pass me, 122/67, Madhyam Marg",,9610967825,210,5,IT Services,Software company,Jaipur,Rajasthan,Parmeshwar property Wale ke pass me,2026-02-25 21:13:09,
79,Savita Auto Ageny,Hanuman Choraha,,9425131247,1,5,Advertising agency,Marketing consultant,Raghogarh,Madhya Pradesh,Hanuman Choraha,2026-02-25 21:13:09,
80,X Developers,"503, Trimurty PRIME Tower Axis Bank Building, Niwaru Rd",,9530088006,30,5,Internet Website Designers,Website designer,Jaipur,Rajasthan,503,2026-02-25 21:13:09,
81,Spatial IT Solutions Private Limited,"Flat #G-1, Astha Complex, Plot No. 551, Arjun Path",,9772233443,6,4.3,IT Services,Software company,Jaipur,Rajasthan,Flat #G-1,2026-02-25 21:13:09,
82,Sachin Drycliners,"Shop No 1, Pipeline Rd, near Vaishnavi Mata Mandir",,9284804830,0,0,Laundry Service,,Ahmednagar,Maharashtra,Shop No 1,2026-02-25 21:13:09,
83,Jaipur Interior Studio,"Plot No. 75, Sirsi Rd",,7877042282,10,5,Interior Designers,Interior designer,Jaipur,Rajasthan,Plot No. 75,2026-02-25 21:13:09,
84,Ganesh laundry & drycleaners,"Ganesh laundry & dry clean, shinde nagar kaman",,7620956779,0,0,Laundry Service,Dry cleaner,Ahmednagar,Maharashtra,Ganesh laundry & dry clean,2026-02-25 21:13:09,
85,Jain Marketing,Ke Cv,,7367096794,0,0,Advertising agency,Marketing consultant,Raghogarh,Madhya Pradesh,Ke Cv,2026-02-25 21:13:09,
86,Website design company in jaipur,80 Feet Rd,,7688886388,1,5,Internet Website Designers,Website designer,Jaipur,Rajasthan,80 Feet Rd,2026-02-25 21:13:09,
87,D3Cloud IT Services,097820 81452,,9782081452,6,5,IT Services,Software company,Jaipur,Rajasthan,097820 81452,2026-02-25 21:13:09,
88,Vijaywargiya Marketing Agency I Hoarding I Digital Display I Online Marketing I FMCG & Wholesale Marketing In Shivpuri,"Chhatri Rd, near Do Batti Square",,9131976065,10,3.6,Advertising agency,,Raghogarh,Madhya Pradesh,Chhatri Rd,2026-02-25 21:13:09,
89,KANOJIYA LONDRY & DRY CLEANERS,"Madni Masjid Rd, Alamgir Rd",,7666363503,0,0,Laundry Service,,Ahmednagar,Maharashtra,Madni Masjid Rd,2026-02-25 21:13:09,
90,AK Interiors,"SRG green city-1, B-76",,9571444177,28,4.6,Interior Designers,Interior designer,Jaipur,Rajasthan,SRG green city-1,2026-02-25 21:13:09,
91,Sai Dry Cleaners,"Teli Khunt Rd, opp. Raj Medical Ramchandra",,8856948996,1,1,Laundry Service,Dry cleaner,Ahmednagar,Maharashtra,Teli Khunt Rd,2026-02-25 21:13:09,
92,Stugut Interiors,"Tirupati Vihar, 97-98, Patrakar Colony Rd",,8619880768,172,4.6,Interior Designers,Interior designer,Jaipur,Rajasthan,Tirupati Vihar,2026-02-25 21:13:09,
93,Techfern Websolutions Private Limited,"13-A, Taranagar A, Khatipura Road, Jhotwara",,9929330949,58,4.9,Internet Website Designers,Website designer,Jaipur,Rajasthan,13-A,2026-02-25 21:13:09,
94,KIS IT Services Pvt Ltd - Jaipur,"Plot NO. 17, Khatipura Rd",,8800198868,0,0,IT Services,Software company,Jaipur,Rajasthan,Plot NO. 17,2026-02-25 21:13:09,
95,श्रीराम ड्रायक्लिनिंग,Panchwati Nagar,,9049036453,0,0,Laundry Service,Dry cleaner,Ahmednagar,Maharashtra,Panchwati Nagar,2026-02-25 21:13:09,
96,Universal Sompo General Insurance Company Ltd.,"1st Floor, Kamal Ratan Chamber, Mirza Ismail Rd, opposite Jaipur General Post Office, above Audi Jaipur",,1800224030,979,4.8,Insurance Services,Insurance agency,Jaipur,Rajasthan,1st Floor,2026-02-25 21:13:09,
97,Viveki Pahal,096859 34427,,9685934427,0,0,Advertising agency,Graphic designer,Raghogarh,Madhya Pradesh,096859 34427,2026-02-25 21:13:09,
98,INFOX Solution Services,"31, Mahaveer Nagar, Agra Rd",,7976275618,34,4.8,IT Services,House cleaning service,Jaipur,Rajasthan,31,2026-02-25 21:13:09,
99,MR Insurance Services,"LIC of India, Branch Office, Chetak Marg",,8233546800,33,4.9,Insurance Services,Insurance company,Jaipur,Rajasthan,LIC of India,2026-02-25 21:13:09,
100,Ecommerce Website Designing,"number 4, s 11, Mahadev Nagar Street Number 5F",,8114463327,14,5,Internet Website Designers,Website designer,Jaipur,Rajasthan,number 4,2026-02-25 21:13:09,
101,MetalMandi,"A-72A, Sector 64 Rd",,7042888361,10,4.2,Scrap Dealers,Scrap metal dealer,Noida,Uttar Pradesh,A-72A,2026-02-25 21:13:09,
102,Aangan Interior,"Shop-2, Kalwar Rd, opp. Kardhani Petrol Pump",,8949742485,38,4.8,Interior Designers,Interior designer,Jaipur,Rajasthan,Shop-2,2026-02-25 21:13:09,
103,Pruthviraj Jewellers,"PCP3+5QC, College Rd",,9834314071,0,5,Top Jewellery Stores,Jeweler,Ambajogai,Maharashtra,PCP3+5QC,2026-02-25 21:13:09,
104,THE RUDRAM FASHION,"Telghani Chauraha, AB Rd, near Hotel Utsav",,9893187875,23,5,Top Clothing Stores,Men's clothing store,Raghogarh,Madhya Pradesh,Telghani Chauraha,2026-02-25 21:13:09,
105,Kiran Drycleaners,"Shop No, 1",,9850548599,0,0,Laundry Service,Dry cleaner,Ahmednagar,Maharashtra,Shop No,2026-02-25 21:13:09,
106,Noor by Muskaan,"AB Rd, inside Hotel rajshree",,7400986093,52,5,Top Clothing Stores,Designer Clothing Store,Raghogarh,Madhya Pradesh,AB Rd,2026-02-25 21:13:09,
107,Manmohana Interiors,"E-89, near Sodala",,9145919687,138,4.7,Interior Designers,Interior designer,Jaipur,Rajasthan,E-89,2026-02-25 21:13:09,
108,Malik scrap interprises,FCV7+FP8,,8745834588,1,5,Scrap Dealers,Scrap metal dealer,Noida,Uttar Pradesh,FCV7+FP8,2026-02-25 21:13:09,
109,VAW Architect & Interior Design Studio,Gopalpura Bypass Rd,,8955011149,113,4.9,Interior Designers,Interior designer,Jaipur,Rajasthan,Gopalpura Bypass Rd,2026-02-25 21:13:09,
110,R K Drycleaner,Shop No 1,,7020134169,0,0,Laundry Service,,Ahmednagar,Maharashtra,Shop No 1,2026-02-25 21:13:09,
111,Rushikesh Jewellers,Sankale complex,www.rj.com,9325065590,0,3.7,Top Jewellery Stores,Jewelry store,Ambajogai,Maharashtra,Sankale complex,2026-02-25 21:13:09,
112,New balaji suvarnkar,094213 45548,,9421345548,0,3.8,Top Jewellery Stores,Goldsmith,Ambajogai,Maharashtra,094213 45548,2026-02-25 21:13:09,
113,Jay Mata Di Drycleners,"Shop No, 01, Station",,7741054628,1,1,Laundry Service,Dry cleaner,Ahmednagar,Maharashtra,Shop No,2026-02-25 21:13:09,
114,Gopesh Interior and Furniture House -Best Interior Designer Architects Firm in Jaipur,"Agrsen Tower, G-63/64",,7733929496,145,4.7,Interior Designers,Interior architect office,Jaipur,Rajasthan,Agrsen Tower,2026-02-25 21:13:09,
115,AAMER JEWELLERS,P9PQ+9RR,,9665161522,0,3.7,Top Jewellery Stores,Jewelry store,Ambajogai,Maharashtra,P9PQ+9RR,2026-02-25 21:13:09,
116,Sheetal Enterprises,"apartments, near godrej apparments",,9810978974,5,5,Scrap Dealers,Scrap metal dealer,Noida,Uttar Pradesh,apartments,2026-02-25 21:13:09,
117,Omkar Laundry Point,Shop No 1,,8766934009,0,0,Laundry Service,Dry cleaner,Ahmednagar,Maharashtra,Shop No 1,2026-02-25 21:13:09,
118,DHAMANI INTERIORS,"Shree Mansion, B-2, Kamla Marg",,9772080763,29,4.9,Interior Designers,Interior designer,Jaipur,Rajasthan,Shree Mansion,2026-02-25 21:13:09,
119,Lakhan attire,"Vijayvargiya complex, Purana post office, Prakash Talkies Gali",,8319047491,57,4.9,Top Clothing Stores,Men's clothing store,Raghogarh,Madhya Pradesh,Vijayvargiya complex,2026-02-25 21:13:09,
120,Kiran Drycleing,"Bhingardive Mala, Road",,8856958865,0,0,Laundry Service,Dry cleaner,Ahmednagar,Maharashtra,Bhingardive Mala,2026-02-25 21:13:09,
121,PUG JEWELLERS,Temporarily closed] Modi Complex,,8669082089,0,0,Top Jewellery Stores,Jewelry store,Ambajogai,Maharashtra,Modi Complex,2026-02-25 21:13:09,
122,Sunder traders mundarbhai,"GCR6+53V, Main Rd",,9953000070,5,4.6,Scrap Dealers,Scrap metal dealer,Noida,Uttar Pradesh,GCR6+53V,2026-02-25 21:13:09,
123,Jewelry Wastr And Articles Mr Nitin Balasaheb Javehri,"Temporarily closed] Yogeshwari Mandir, Jogai Mandir 01",,8605056461,0,0,Top Jewellery Stores,Jewelry store,Ambajogai,Maharashtra,Yogeshwari Mandir,2026-02-25 21:13:09,
124,Creation Design Studio - Architect and Interior Designer,"Pushp enclave, 123",,9887955320,139,5,Interior Designers,Interior designer,Jaipur,Rajasthan,Pushp enclave,2026-02-25 21:13:09,
125,Junior Trendz (Kids wear store),"Ground Floor, Somya Mall, Agra - Mumbai Hwy",,9340822377,50,5,Top Clothing Stores,Clothing store,Raghogarh,Madhya Pradesh,Ground Floor,2026-02-25 21:13:09,
126,Diggaj Drycleners,Shop No 01,,8237601259,0,0,Laundry Service,Dry cleaner,Ahmednagar,Maharashtra,Shop No 01,2026-02-25 21:13:09,
127,Kangan Immitation Jewellery,"Temporarily closed] Shop NO 01, near Yogeshwari Mandir",,9890065682,0,0,Top Jewellery Stores,Jewelry store,Ambajogai,Maharashtra,Shop NO 01,2026-02-25 21:13:09,
128,M.S Interio,120A,,9549899988,92,4.9,Interior Designers,Interior designer,Jaipur,Rajasthan,120A,2026-02-25 21:13:09,
129,New Maheshwari Collection,111 Maheshwari Collection Choti Maszid Gali,,9425309960,50,4.8,Top Clothing Stores,Clothing store,Raghogarh,Madhya Pradesh,111 Maheshwari Collection Choti Maszid Gali,2026-02-25 21:13:09,
130,BHUSHAN DRYCLENERS,"Shop No 1, Brahman Ln",,9225328080,0,0,Laundry Service,Dry cleaner,Ahmednagar,Maharashtra,Shop No 1,2026-02-25 21:13:09,
131,Snow White Dryers & Cleaners,"Malahr Chowk ,Gadilkar Vit Bhatti, Station Rd",,7276058836,1,5,Laundry Service,Dry cleaner,Ahmednagar,Maharashtra,Malahr Chowk,2026-02-25 21:13:09,
132,Jain interior gallery,Kalwar Rd,,9829997722,137,5,Interior Designers,Interior designer,Jaipur,Rajasthan,Kalwar Rd,2026-02-25 21:13:09,
133,Royal fashion zone,Sadar Bazar,,7694033554,6,4.8,Top Clothing Stores,Clothing store,Raghogarh,Madhya Pradesh,Sadar Bazar,2026-02-25 21:13:09,
134,TIP TOP DRYCLEANERS,"NITA APARTMENT, Station Road",,7020951358,0,0,Laundry Service,Dry cleaner,Ahmednagar,Maharashtra,NITA APARTMENT,2026-02-25 21:13:09,
135,Greater Noida scrap ac west raddi paper,099719 61776,,9971961776,1,5,Scrap Dealers,Salvage yard,Noida,Uttar Pradesh,099719 61776,2026-02-25 21:13:09,
136,Jaipur Design Hub,"3 Ta 41, Ratan Dugad Marg, near Jain Lal Mandir",,9799628666,23,4.7,Interior Designers,Interior designer,Jaipur,Rajasthan,3 Ta 41,2026-02-25 21:13:09,
137,Sunil Scrap Works Old Scrap,"Xh77+Jmr, Meerut Road, Jani",,9720146031,0,4.3,Scrap Dealers,Scrap metal dealer,Meerut,Uttar Pradesh,Xh77+Jmr,2026-02-25 21:13:09,
138,IT Solution,"40A, Shri Krishna Colony",,9351320509,4,5,IT Services,Software company,Jaipur,Rajasthan,40A,2026-02-25 21:13:09,
139,MORE INSURANCE SERVICES,"1st FLOOR, SWEJ FARM, A-37, New Sanganer Rd, near CHANDRABHAN HOSPITAL",,7791902371,18,4.9,Insurance Services,Insurance broker,Jaipur,Rajasthan,1st FLOOR,2026-02-25 21:13:09,
140,Oxygen Auto - Raj Kumar Motor,"Car Market, Gali no. 9, Tyagi Rd",,9217368030,0,0,Scrap Dealers,Scrap metal dealer,Noida,Uttar Pradesh,Car Market,2026-02-25 21:13:09,
141,PRJ Outdoors,"Top Floor, Kalra Tyre Building",,8109408623,3,5,Advertising agency,,Raghogarh,Madhya Pradesh,Top Floor,2026-02-25 21:13:09,
142,GLOBAL INDIA INSURANCE,"LG 05 / UG 16 -Mangalam Tower, Jaipur Electronic Market Mall",,9782662404,39,4.6,Insurance Services,Insurance agency,Jaipur,Rajasthan,LG 05 / UG 16 -Mangalam Tower,2026-02-25 21:13:09,
143,"Globally Web Solutions Pvt. Ltd. – Leading Digital Marketing, Graphic Design, Web & App Development Agency in Jaipur","Bharat Apartment, Gopinath Marg",,9571117702,41,5,Internet Website Designers,Software company,Jaipur,Rajasthan,Bharat Apartment,2026-02-25 21:13:09,
144,Shiv IT Solution,"plat no 6, Gandhi Cir",,8619658875,13,5,IT Services,Computer repair service,Jaipur,Rajasthan,plat no 6,2026-02-25 21:13:09,
145,Aniket Jain,"Ward no.21, House no.449, Dubey Colony",,9758424160,23,4.8,Advertising agency,Website designer,Raghogarh,Madhya Pradesh,Ward no.21,2026-02-25 21:13:09,
146,Tinar Services,"First Floor Kanak Vrindavan, opposite Manglam Grand Vista Society Indra Marg, Sirsi Rd",,9602900509,19,4.6,IT Services,Software company,Jaipur,Rajasthan,First Floor Kanak Vrindavan,2026-02-25 21:13:09,
147,SHREE KANHA INSURANCES AND EMITRA SERVICES,"Shop No. 58, Sirsi Rd, near Rajasthan Merudhar Gramin Bank",,9352641234,32,5,Insurance Services,Insurance broker,Jaipur,Rajasthan,Shop No. 58,2026-02-25 21:13:09,
148,Tech Horizon - IT Company In Jaipur,"TRIMURTY, Tonk Rd",,7850027373,3,5,IT Services,Software company,Jaipur,Rajasthan,TRIMURTY,2026-02-25 21:13:09,
149,R&D Insurance Brokers Private Limited,"205 - IInd, EVERSHINE TOWER, Near, Amrapali Marg",,9251661414,19,5,Insurance Services,Insurance broker,Jaipur,Rajasthan,205 - IInd,2026-02-25 21:13:09,
150,GalaxyWing IT Solutions Web Design And Development Company,"Landmark: Sanskaar Marriage Garden, 69 S.B Vihar Colony Swej Farm, New, New Sanganer Rd",,1413565315,76,4.9,Internet Website Designers,Website designer,Jaipur,Rajasthan,Landmark: Sanskaar Marriage Garden,2026-02-25 21:13:09,
151,Fashion street,"First floor shop no. 12, bapu market",,9329817367,27,5,Top Clothing Stores,Clothing store,Raghogarh,Madhya Pradesh,First floor shop no. 12,2026-02-25 21:13:09,
152,Kanojia laundry,"Sambhaji Nagar dairy farm, Road",,7972505105,0,0,Laundry Service,Dry cleaner,Ahmednagar,Maharashtra,Sambhaji Nagar dairy farm,2026-02-25 21:13:09,
153,Rajkamal Jewellers,"rajkamal jewellers, Gulmohar Rd, near Anand school",,9922714760,40,4.9,Jewellery Shops,Jewelry store,Ahmednagar,Maharashtra,rajkamal jewellers,2026-02-25 21:13:09,
154,Evershine Homes I Architect & Interior designers,"A1, Queens Rd",,9549494041,57,5,Interior Designers,Interior designer,Jaipur,Rajasthan,A1,2026-02-25 21:13:09,
155,NOOR ENTERPRISES- scrap dealer,088007 83419,,8800783419,1,5,Scrap Dealers,Scrap metal dealer,Noida,Uttar Pradesh,088007 83419,2026-02-25 21:13:09,
156,Amey Gold And Silver,"3PWR+G3F, Phutne Galli, Saraf Bazar",,9822521505,23,4,Jewellery Shops,Jewelry store,Ahmednagar,Maharashtra,3PWR+G3F,2026-02-25 21:13:09,
157,Shiv shambo Dry Cleaners,"Temporarily closed] Shop No, 03, Manik Chowk Rd, near Adrash School",,9325110109,1,5,Laundry Service,Dry cleaner,Ahmednagar,Maharashtra,Shop No,2026-02-25 21:13:09,
158,Somvir,095600 72772,,9560072772,1,4,Scrap Dealers,Scrap metal dealer,Noida,Uttar Pradesh,095600 72772,2026-02-25 21:13:09,
159,Bharat Scrap Facilities,093199 94943,,9319994943,9,3.7,Scrap Dealers,Salvage yard,Lucknow,Uttar Pradesh,093199 94943,2026-02-25 21:13:09,
160,Digzmedia,088895 34140,,8889534140,0,0,Advertising agency,,Raghogarh,Madhya Pradesh,088895 34140,2026-02-25 21:13:09,
161,Bhawani IT Services,"46.devi Nagar B Harnathpura Rawan gate, Kalwar Rd",,9694012538,2,4.5,IT Services,Computer support and services,Jaipur,Rajasthan,46.devi Nagar B Harnathpura Rawan gate,2026-02-25 21:13:09,
162,RB Tech Services,"Near Gandhi Maidan, Anandi Bazaar",,9119431984,1061,4.5,IT Services,Software company,Ahmednagar,Maharashtra,Near Gandhi Maidan,2026-02-25 21:13:09,
163,Big Apple Web Solutions,"D-40 Govindpuri, Ramnagar",,8005634565,29,5,Internet Website Designers,Website designer,Jaipur,Rajasthan,D-40 Govindpuri,2026-02-25 21:13:09,
164,Tech Info Solution,"575-A, Rani Sati Nagar, Ajmer Road, NH 8, opposite Asopa Hospital",,8947088000,9,4.9,IT Services,Software company,Jaipur,Rajasthan,575-A,2026-02-25 21:13:09,
165,"Ashish Chugh... Insurance Consultant/Advisor, Agent Health insurance Expert,Samaadhaan Claim Desk","67, Sardar Patel Marg, opp. Chief post office, near kamaldeep xerox",,9024198318,16,4.9,Insurance Services,Insurance agency,Jaipur,Rajasthan,67,2026-02-25 21:13:09,
166,Marketing magnify,Permanently closed] AB Rd,,7489231334,0,0,Advertising agency,,Raghogarh,Madhya Pradesh,AB Rd,2026-02-25 21:13:09,
167,PARU WEB SOLUTION,Shopping Center H7,,8058888859,10,5,Internet Website Designers,Website designer,Jaipur,Rajasthan,Shopping Center H7,2026-02-25 21:13:09,
168,Radiant Software Solutions,Dhoot Centre,,9370022968,52,4.9,IT Services,Software company,Ahmednagar,Maharashtra,Dhoot Centre,2026-02-25 21:13:09,
169,Mohit IT Consultant,"B-93, Kamla Nehru Nagar Rd, near Jain Temple",,9828775444,1,5,IT Services,Software company,Jaipur,Rajasthan,B-93,2026-02-25 21:13:09,
170,S.R. Insurance Services,"First Floor, A-3 and A-3(A, Mall Rd, near Shri Radhey Bakers",,8955265541,13,5,Insurance Services,Insurance agency,Jaipur,Rajasthan,First Floor,2026-02-25 21:13:09,
171,Designer's Value,"Madhu Shree Saree, 19",,7340066423,8,5,Internet Website Designers,Website designer,Jaipur,Rajasthan,Madhu Shree Saree,2026-02-25 21:13:09,
172,Neuron IT Solutions,"26A, Benad Rd, behind Benar Railway Station",,9928304051,6,4.5,IT Services,Computer repair service,Jaipur,Rajasthan,26A,2026-02-25 21:13:09,
173,True Insurance,"12, Sardaron Ki Gali",,9057867869,30,5,Insurance Services,Insurance broker,Jaipur,Rajasthan,12,2026-02-25 21:13:09,
174,Chandukaka Jewel,"Shop No - 2/3, 4PCH+542 Sai Midas Touch NAGAR, Manmad Road",,9272422002,325,4,Jewellery Showrooms,Jewelry store,Ahmednagar,Maharashtra,Shop No - 2/3,2026-02-25 21:13:09,
175,Kirana Store,Permanently closed] 106 RAGHOGARH MADHYA Pradesh Raghogarh,,6269291037,0,0,Advertising agency,Marketing consultant,Raghogarh,Madhya Pradesh,106 RAGHOGARH MADHYA Pradesh Raghogarh,2026-02-25 21:13:09,
176,Auto Fusion,"234, Narmadapuram Rd, beside Bank Of India ATM",,9179123030,140,4.9,Top Car Accessories Dealers,Auto Accessories Store,Raghogarh,Madhya Pradesh,234,2026-02-25 21:13:09,
177,Click ERP Services Pvt. Ltd.,"02nd Floor, Shri Ganesh, Sampada Saree, near Bhistbag",,9028568867,5,5,IT Services,Software company,Ahmednagar,Maharashtra,02nd Floor,2026-02-25 21:13:09,
178,LunarEdge IT Services in India,"203, Manglam, Signature Tower, Lal Kothi",,7760701155,7,5,IT Services,Software company,Jaipur,Rajasthan,203,2026-02-25 21:13:09,
179,InsuranceWala,"Agrasen Circle, 412, 4th Floor, Ambition",,9829054994,17,5,Insurance Services,Insurance broker,Jaipur,Rajasthan,Agrasen Circle,2026-02-25 21:13:09,
180,My car house,"Phool Bagh, behind markandeswar mandir",,7974933815,74,5,Top Car Accessories Dealers,Auto Accessories Store,Raghogarh,Madhya Pradesh,Phool Bagh,2026-02-25 21:13:09,
181,Advocate vivek singh raghuwanshi,Permanently closed] District court,,7804953771,0,0,Advertising agency,,Raghogarh,Madhya Pradesh,District court,2026-02-25 21:13:09,
182,Arham IT Solution,"Nagar Sambhajingar Highway, near Surbhi Hospital, above Being Healthy Gym",,9322195628,12,4.8,IT Services,Software company,Ahmednagar,Maharashtra,Nagar Sambhajingar Highway,2026-02-25 21:13:09,
183,Supekar Saraf,"Sarafa Bazar, beside Shree Vijay Shankar Mahadev Temple",,9850050388,3,4.7,Jewellery Showrooms,Jewelry store,Ahmednagar,Maharashtra,Sarafa Bazar,2026-02-25 21:13:09,
184,Asia Interiors & Exteriors,"City Center Complex, 124,City Center Sansar Chand Road 125, Sansar Chandra Rd",,8824460684,21,4.7,Interior Designers,Interior designer,Jaipur,Rajasthan,City Center Complex,2026-02-25 21:13:09,
185,Jawre car accessories & spare parts,"ke samne, Near railway stations railway station road tilak ward",,9294766464,1,5,Top Car Accessories Dealers,Auto body parts supplier,Raghogarh,Madhya Pradesh,ke samne,2026-02-25 21:13:09,
186,Soni Garments & Police Stores,Soni Garments and Police Stores,,9826210565,3,5,Top Clothing Stores,Clothes and fabric wholesaler,Raghogarh,Madhya Pradesh,Soni Garments and Police Stores,2026-02-25 21:13:09,
187,Tohid Dilshad Kabadi Ki Dukaan,"NCR Region, 19 Aashiyana",,9773951272,2,1,Scrap Dealers,Scrap metal dealer,Noida,Uttar Pradesh,NCR Region,2026-02-25 21:13:09,
188,BEST INSURANCE SERVICES,"no. 173/326, near NRI Circle",,9680676767,6,5,Insurance Services,Insurance agency,Jaipur,Rajasthan,no. 173/326,2026-02-25 21:13:09,
189,Neeraj Mobile,"Permanently closed] Kent, Kent Guna",,8516808168,0,0,Advertising agency,,Raghogarh,Madhya Pradesh,Kent,2026-02-25 21:13:09,
190,Sagar IT Solutions Ahmednagar,Wadia Park Rd,,9922092007,61,4.3,IT Services,Shopping mall,Ahmednagar,Maharashtra,Wadia Park Rd,2026-02-25 21:13:09,
191,Kalyan Jewellers,"Shop no. 1, Dasrenagar",,8004257333,4,5,Jewellery Showrooms,Jewelry store,Ahmednagar,Maharashtra,Shop no. 1,2026-02-25 21:13:09,
192,Ranjeet Insurance Service,"OFFICE DCM AJMER ROAD JAIPUR VILL, AJMER ROAD, near by UNION BANK OF INDIA",,9166034556,5,5,Insurance Services,Insurance agency,Jaipur,Rajasthan,OFFICE DCM AJMER ROAD JAIPUR VILL,2026-02-25 21:13:09,
193,HINDOLIYA CAR ACCESARIES,"Rajnigandha Complex, 27, Gole Ka Mandir Rd, near PETROL PUMP",,9425770457,117,5,Top Car Accessories Dealers,Auto Accessories Store,Raghogarh,Madhya Pradesh,Rajnigandha Complex,2026-02-25 21:13:09,
194,Staggering Design,"Staggering Design, Lal Mandir, 202",,9928341218,46,5,Interior Designers,Interior designer,Jaipur,Rajasthan,Staggering Design,2026-02-25 21:13:09,
195,Youngistan Guna,Tatke complex,,9754542670,15,5,Top Clothing Stores,Clothing store,Raghogarh,Madhya Pradesh,Tatke complex,2026-02-25 21:13:09,
196,Sikka Software Services India Pvt. Ltd (Formerly Ibrain Decision Software),4P7H+WMJ,,2412423976,23,4.8,IT Services,Software company,Ahmednagar,Maharashtra,4P7H+WMJ,2026-02-25 21:13:09,
197,Interior Gallery Jaipur,"153/1, Shipra Path",,9829984475,45,4.7,Interior Designers,Interior Decorator,Jaipur,Rajasthan,153/1,2026-02-25 21:13:09,
198,Radheshyam Prajapati,Temporarily closed] Hanuman Tekri Rd,,9993876503,1,5,Advertising agency,Marketing consultant,Raghogarh,Madhya Pradesh,Hanuman Tekri Rd,2026-02-25 21:13:09,
199,Lucky Interior Designer,084207 61507,,8420761507,151,4.8,Interior Designers,Carpenter,Jaipur,Rajasthan,084207 61507,2026-02-25 21:13:09,
200,Theboys fashion,"near mamta dairy, in front of havells showroom",,8269438530,3,5,Top Clothing Stores,Clothing store,Raghogarh,Madhya Pradesh,near mamta dairy,2026-02-25 21:13:09,
201,CarScrapKaro Delhi NCR,"OMKAR ROYAL NEST, 1006",,8889997101,1,5,Scrap Dealers,Salvage yard,Noida,Uttar Pradesh,OMKAR ROYAL NEST,2026-02-25 21:13:09,
202,Rajlaxmi Saree Showroom,Tatke Market Rd,,8109511104,30,5,Top Clothing Stores,Clothing store,Raghogarh,Madhya Pradesh,Tatke Market Rd,2026-02-25 21:13:09,
203,Handique - Shivani Maheshwari Designs,"Gate no. 2, Golden Leaf, Gandhinagar Jaipur Railway Station, Office no- 710, 97, Tonk Rd",,9828470703,49,5,Interior Designers,Interior designer,Jaipur,Rajasthan,Gate no. 2,2026-02-25 21:13:09,
204,Ambience Interior,"Chitrakoot, Chitrakoot Marg",,8048094793,12,4.7,Interior Designers,Interior designer,Jaipur,Rajasthan,Chitrakoot,2026-02-25 21:13:09,
205,Deepak Paridhan,Prakash Talkies Gali,,9713700007,9,4.1,Top Clothing Stores,Clothing store,Raghogarh,Madhya Pradesh,Prakash Talkies Gali,2026-02-25 21:13:09,
206,Mohit Gupta Designs,B-9,,7568415555,23,5,Interior Designers,Interior designer,Jaipur,Rajasthan,B-9,2026-02-25 21:13:09,
207,JSM Iron Traders,"30, Futa Nandgram Rd",,9990901849,6,4.5,Scrap Dealers,Scrap metal dealer,Lucknow,Uttar Pradesh,30,2026-02-25 21:13:09,
208,Scrap dealer (E-Business),Permanently closed] C-285,,9971702540,1,5,Scrap Dealers,Scrap metal dealer,Noida,Uttar Pradesh,C-285,2026-02-25 21:13:09,
209,Campus Exclusive Store,"Ground Floor, Campus Activewear Ltd. Prem Heights, AB Road",,8071178414,116,5,Top Clothing Stores,Shoe store,Raghogarh,Madhya Pradesh,Ground Floor,2026-02-25 21:13:09,
210,Cantabil,"Survey No 1092, No 75, Plot No 9, Agra - Mumbai Hwy, near Vandana School",,7400042654,858,4.8,Top Clothing Stores,Clothing Accessories Store,Raghogarh,Madhya Pradesh,Survey No 1092,2026-02-25 21:13:09,
211,J.D Recycling Unit,near Neha Enterprises,,9716972563,20,4.9,Scrap Dealers,Lumber store,Noida,Uttar Pradesh,near Neha Enterprises,2026-02-25 21:13:09,
212,Babyhug Store Guna AB Road,"Krishna Garden Ke Pass Business Park Building, AB Rd",,7542462714,360,4.8,Top Clothing Stores,Baby store,Raghogarh,Madhya Pradesh,Krishna Garden Ke Pass Business Park Building,2026-02-25 21:13:09,
213,Velocity Car Planet Autoform Brand Store Gwalior,"Parimal Complex Nirma Bhawan, Near, AG Office Rd",,9201501010,163,4.6,Top Car Accessories Dealers,Auto Accessories Store,Raghogarh,Madhya Pradesh,Parimal Complex Nirma Bhawan,2026-02-25 21:13:09,
214,INDIRA JEWELLERS AND SARAF,"Indira jewellers, Sonai - Ghodegaon Rd",,8793268004,4,4.8,Jewellery Showrooms,Jewelry manufacturer,Ahmednagar,Maharashtra,Indira jewellers,2026-02-25 21:13:09,
215,TVD SOFTWARE SOLUTION,Pipeline Rd,www.tvd.com,9423423032,28,4.8,IT Services,Software company,Ahmednagar,Maharashtra,Pipeline Rd,2026-02-25 21:13:09,
216,sunny car parlour / car detailing shop/Car Accessories Shop/Car Wheel Alignment And Balancing Shop,"Kabulla pull tiraha, to, Railway Station Rd, opposite Chourasiya kabadi",,9630006007,224,4.1,Top Car Accessories Dealers,Auto Accessories Store,Raghogarh,Madhya Pradesh,Kabulla pull tiraha,2026-02-25 21:13:09,
217,the digital khizar,Temporarily closed] BG Rd,,6265237643,0,0,Advertising agency,Marketing agency,Raghogarh,Madhya Pradesh,BG Rd,2026-02-25 21:13:09,
218,Chintamani Jewellers,"Shop no.6, opposite to Ambika Vidyalaya",,9422229455,10,5,Jewellery Showrooms,Jewelry store,Ahmednagar,Maharashtra,Shop no.6,2026-02-25 21:13:09,
219,ASHOKLAL HASTIMAL MUTHA JEWELLERS,"2809, Saraf Bazaar Rd",,9890910081,3,5,Jewellery Showrooms,Jeweler,Ahmednagar,Maharashtra,2809,2026-02-25 21:13:09,
220,Kirti Computer,3PVV+G3Q,,7588539936,60,4.4,IT Services,Computer repair service,Ahmednagar,Maharashtra,3PVV+G3Q,2026-02-25 21:13:09,
221,Maruti car decor,"Bistan Rd, opposite of gopal hotel",,9039366106,3,3.7,Top Car Accessories Dealers,Auto Accessories Store,Raghogarh,Madhya Pradesh,Bistan Rd,2026-02-25 21:13:09,
222,Support marketing agency,"Temporarily closed] ward no.2, Jat mohlla",,9993405047,8,4.9,Advertising agency,Internet marketing service,Raghogarh,Madhya Pradesh,ward no.2,2026-02-25 21:13:09,
223,SHIV IT SOLUTIONS,4PJJ+3R7,,9075941816,5,5,IT Services,Computer store,Ahmednagar,Maharashtra,4PJJ+3R7,2026-02-25 21:13:09,
224,CAR BEAUTY ACCESSORIES,"Mahakal market, Bhind Rd",,7354250524,48,3.9,Top Car Accessories Dealers,Auto Accessories Store,Raghogarh,Madhya Pradesh,Mahakal market,2026-02-25 21:13:09,
225,FourTH-D GST Billing and Accounting Business Software,"GXC5+R6H, Newasa Rd",,9766234366,15,4.9,IT Services,Software company,Ahmednagar,Maharashtra,GXC5+R6H,2026-02-25 21:13:09,
226,RM Insurance Broking Private Limited,"First Floor, Unique Destination, Building, Tonk Rd, above Rajesh Toyota",,8852020777,2,5,Insurance Services,Insurance broker,Jaipur,Rajasthan,First Floor,2026-02-25 21:13:09,
227,Sakalchand Kasturchand Porwal Jewellers,Ganj Bazaar Rd,,8698715807,0,0,Jewellery Showrooms,Jeweler,Ahmednagar,Maharashtra,Ganj Bazaar Rd,2026-02-25 21:13:09,
228,Technotime Computer Systems,Plot No. 2/1,,9623933187,0,0,IT Services,Software company,Ahmednagar,Maharashtra,Plot No. 2/1,2026-02-25 21:13:09,
229,Generali Central Insurance Company Limited,"2nd Floor, Royal World, Sansar Chandra Rd, opp. City Center Complex",,1800220233,97,3.3,Insurance Services,Insurance company,Jaipur,Rajasthan,2nd Floor,2026-02-25 21:13:09,
230,Dev housekeeping services,"35, Sahakar Marg",,6350351549,131,5,House keeping Services,House cleaning service,Jaipur,Rajasthan,35,2026-02-25 21:13:09,
231,Life insurance and general insurance,"Shop No B-8, Kardhani Shopping Centre, Kalwar Rd",,9024167430,1,5,Insurance Services,Insurance agency,Jaipur,Rajasthan,Shop No B-8,2026-02-25 21:13:09,
232,Mera Guna,"Temporarily closed] near Payal Kirana Store, Infront of Hanuman Mandir",,9893404341,2,5,Advertising agency,Marketing agency,Raghogarh,Madhya Pradesh,near Payal Kirana Store,2026-02-25 21:13:09,
233,House maid in jaipur,"2, Sector 1 Rd",,9024793879,35,4.4,House keeping Services,House cleaning service,Jaipur,Rajasthan,2,2026-02-25 21:13:09,
234,National Insurance Co. Ltd. Branch Office - I,"Shanti Sadan, Church Rd, near Shalimar Complex",,1412377177,60,3.8,Insurance Services,Insurance company,Jaipur,Rajasthan,Shanti Sadan,2026-02-25 21:13:09,
235,Achievers Marketing Agency,Temporarily closed] Road,,7909905464,0,0,Advertising agency,,Raghogarh,Madhya Pradesh,Road,2026-02-25 21:13:09,
236,Jaipur Cleaning Service,109/35,,8107998148,73,4.6,House keeping Services,House cleaning service,Jaipur,Rajasthan,109/35,2026-02-25 21:13:09,
237,Dahival Jwellers,"Shop No 1, Balikashram Rd",,8928265353,6,4.8,Jewellery Showrooms,Jewelry store,Ahmednagar,Maharashtra,Shop No 1,2026-02-25 21:13:09,
238,House Cleaning Jaipur,New Aatish Market,,8290789269,19,5,House keeping Services,House cleaning service,Jaipur,Rajasthan,New Aatish Market,2026-02-25 21:13:09,
239,The Home cleaning Jaipur,"37-32, Raghu Marg",,8739966912,48,4.8,House keeping Services,House cleaning service,Jaipur,Rajasthan,37-32,2026-02-25 21:13:09,
240,Cholamandalam MS General Insurance Company Ltd,"Unit No 704-707 , 7th Floor, Signature Tower, DC 2, Lalkoti Scheme District Shopping Center, Tonk Rd",,8002085544,149,3.5,Insurance Services,Insurance company,Jaipur,Rajasthan,Unit No 704-707,2026-02-25 21:13:09,
241,Home Deep Cleaning Services,"Plot no. 310 Suresh Nagar, Rajput Colony, behind Pani Ki Tanki",,8650926866,183,4.8,House keeping Services,House cleaning service,Jaipur,Rajasthan,Plot no. 310 Suresh Nagar,2026-02-25 21:13:09,
242,Insurance on call,"216-B, Gali Number 6",,9460118191,3,5,Insurance Services,Insurance broker,Jaipur,Rajasthan,216-B,2026-02-25 21:13:09,
243,6 Sigma Financial & Risk Solutions,"City Pearl, 203, Vidhayakpuri, MI Road Jaipur Rajasthan 302001 IN, Mirza Ismail Rd",,9587777737,84,4.9,Insurance Services,Insurance agency,Jaipur,Rajasthan,City Pearl,2026-02-25 21:13:09,
244,Aditi Interiors,"Prabhat colony, Gulmohar Rd",,9850741314,37,5,Interior Designer,,Ahmednagar,Maharashtra,Prabhat colony,2026-02-25 21:13:09,
245,Chief insurance advisor and agent,088241 78882,,8824178882,2,5,Insurance Services,Auto insurance agency,Jaipur,Rajasthan,088241 78882,2026-02-25 21:13:09,
246,Ranawat Cleaning Services,091660 52813,,9166052813,224,4.8,House keeping Services,House cleaning service,Jaipur,Rajasthan,091660 52813,2026-02-25 21:13:09,
247,Le Royal Mandi Restaurant,"140, Thomas Arul St",,8438437111,2494,4.8,Credit Card Payment Restaurants,Middle Eastern,Karaikal,Puducherry,140,2026-02-25 21:13:09,
248,Decoarch design studio,"Pipeline Rd, in front of sbi bank Yashoda nagar",,8055555636,23,5,Interior Designer,Architecture firm,Ahmednagar,Maharashtra,Pipeline Rd,2026-02-25 21:13:09,
249,Good Maid India - Maid in Jaipur,"2nd, Jagadamba Tower, Office No. 8, Right Wing, near Amrapali circle",,7727962293,247,4.3,House keeping Services,House cleaning service,Jaipur,Rajasthan,2nd,2026-02-25 21:13:09,
250,Dr. Babasaheb Ambedakar Park,M8R8+XJ2,,9405465455,55,3.9,Top Amusement Parks,Park,Ambajogai,Maharashtra,M8R8+XJ2,2026-02-25 21:13:09,
251,Vastu Mantra Interiors,+91 92708 11109,,9270811109,6,5,Interior Designer,,Ahmednagar,Maharashtra,+91 92708 11109,2026-02-25 21:13:09,
252,Raksha Health Insurance TPA Pvt Ltd,"IIIrd Floor, City Corporate Building, 303-306, Malviya Marg",,1412361036,126,3.5,Insurance Services,Insurance agency,Jaipur,Rajasthan,IIIrd Floor,2026-02-25 21:13:09,
253,"MIRACLE SPACE DESIGNERS, Architects & Interior Designers","Ekvira chowk, Pipeline Rd",,9860522060,6,4.5,Interior Designer,,Ahmednagar,Maharashtra,Ekvira chowk,2026-02-25 21:13:09,
254,Cleaner Dekho - Best House/Office/Mall/Kitchen/Bathroom/Water Tank Deep Cleaning Services In Jaipur,"210 A first floor, khushi vihar",,9116118557,273,4.9,House keeping Services,House cleaning service,Jaipur,Rajasthan,210 A first floor,2026-02-25 21:13:09,
255,The Mint Max Restaurant,"76, Mariamman Kovil St, opposite to theru palli masjid",,6374388003,1102,4.7,Credit Card Payment Restaurants,Restaurant,Karaikal,Puducherry,76,2026-02-25 21:13:09,
256,Authentic Insurance Brokers India Limited,"Shyam Apartments, C-77, Sarojini Marg",,1414030269,103,4.1,Insurance Services,Insurance broker,Jaipur,Rajasthan,Shyam Apartments,2026-02-25 21:13:09,
257,IDT Ahilyanagar - Fashion Design & Interior Design Institute,"4th floor, Madane Arcade, Nagar, Manmad Road, opp. Malabar Gold Premdan Chock",,9529830211,104,4.8,Interior Designer,College,Ahmednagar,Maharashtra,4th floor,2026-02-25 21:13:09,
258,Jayambe Solutions Services,"Office No. 50,1th Floor, Orbit Mall, near Civil Lines Metro Station",,9660009047,64,4.9,House keeping Services,House cleaning service,Jaipur,Rajasthan,Office No. 50,2026-02-25 21:13:09,
259,Insurance Consultants,A-60,,9529325106,14,5,Insurance Services,Insurance agency,Jaipur,Rajasthan,A-60,2026-02-25 21:13:09,
260,MAHARASHTRA INTERIOR,"B4, Adarsh samrudhi appt., opp. ashirwad chiwda chaupati, Laxmi Karanja Road, Chitale Rd",,9422726156,3,5,Interior Designer,,Ahmednagar,Maharashtra,B4,2026-02-25 21:13:09,
261,Cleaner Dekho - House/Office/Kitchen/Bathroom/Sofa/Carpet/Water Tank/Deep Home Cleaning Services in Jaipur,"ground floor, Plot no 108",,9116118557,263,4.8,House keeping Services,House cleaning service,Jaipur,Rajasthan,ground floor,2026-02-25 21:13:09,
262,"Deepa interior,nagar","3PW3+GPW, Ahilyanagar - Kalyan Rd",,7499300059,13,5,Interior Designer,,Ahmednagar,Maharashtra,3PW3+GPW,2026-02-25 21:13:09,
263,Raheja QBE General Insurance Company Limited,"3rd Floor, 312, ARG Tower, Ajmer Rd",,8001027723,31,3.2,Insurance Services,Insurance company,Jaipur,Rajasthan,3rd Floor,2026-02-25 21:13:09,
264,Home Decor,"Bisra Rd, near ICICI Bank",,9861142022,163,4.7,home decor,Furniture store,Jaipur,Rajasthan,Bisra Rd,2026-02-25 21:13:09,
265,Signature Space Interiors,"Shop No 1, kranti Chowk, Vrundavan park zenda chowk linkroad Bhusannagar, Link Rd",,8975888892,9,4.9,Interior Designer,,Ahmednagar,Maharashtra,Shop No 1,2026-02-25 21:13:09,
266,Babu George Jaipur Insurance Advisor Lic & Mediclaim,184-A,,9829352753,1,5,Insurance Services,Insurance agency,Jaipur,Rajasthan,184-A,2026-02-25 21:13:09,
267,MHL,+91 84466 61698,,8446661698,22,5,Interior Designer,,Ahmednagar,Maharashtra,+91 84466 61698,2026-02-25 21:13:09,
268,Aasife Biriyani - Karaikal,"WRGQ+77X, 208A, Kamarajar Salai, opposite Shameera Marriage Hall",,7293011114,1056,4.7,Credit Card Payment Restaurants,Indian,Karaikal,Puducherry,WRGQ+77X,2026-02-25 21:13:09,
269,JAIPUR HOME DECOR,"10, Bhanwar Vatika, Dadi Ka Phatak,, Benar Road, Jhotwara",,9887308040,7,4.7,home decor,Home goods store,Jaipur,Rajasthan,10,2026-02-25 21:13:09,
270,Cleaner Dekho - House/Office/Kitchen/Bathroom/floor scrubbing/commercial/Deep Home Cleaning Services in Tonk road Jaipur,"B-61, Tonk Rd",,9116118557,99,4.9,House keeping Services,Cleaning Services,Jaipur,Rajasthan,B-61,2026-02-25 21:13:09,
271,Reglaze Associates Interior Designer and Decorator,"10, Pipeline Rd",,7972458954,1,5,Interior Designer,Contractor,Ahmednagar,Maharashtra,10,2026-02-25 21:13:09,
272,Mom's Smile Baby Mall Ambajogai,near Yogeshwari Temple,,9075533311,0,4.9,Shopping,Baby store,Ambajogai,Maharashtra,near Yogeshwari Temple,2026-02-25 21:13:09,
273,Pramerica Life Insurance Limited,"Second Floor, Unit No 205 & 206, Building City Corporate, Malviya Marg, C- Scheme",,8001027070,57,3.7,Insurance Services,Life insurance agency,Jaipur,Rajasthan,Second Floor,2026-02-25 21:13:09,
274,Eden design and planning studio,"Court Ln, in front of old district court",,9922077583,14,5,Interior Designer,Architectural designer,Ahmednagar,Maharashtra,Court Ln,2026-02-25 21:13:09,
275,Care Health Insurance,"Unit no 701, 7th Floor, Trimurty's V-Jai City Point Ashok Marg, Ahinsa Cir",,9289454716,12,2.3,Insurance Services,Insurance agency,Jaipur,Rajasthan,Unit no 701,2026-02-25 21:13:09,
276,Wallpaper Home Decor,51-A mitra Nagar colony,,9929839970,10,4.9,home decor,Interior designer,Jaipur,Rajasthan,51-A mitra Nagar colony,2026-02-25 21:13:09,
277,ARDH Design Studio,"60/A, Kavijung Nagar, Gulmohar Rd",,8446758778,46,4.8,Interior Designer,Architecture firm,Ahmednagar,Maharashtra,60/A,2026-02-25 21:13:09,
278,M/s. Shiv Mohan Scrap Dealer,"Permanently closed] Baduzai II, Nishat Rd, near Petrol Pump",,9209213231,0,0,Scrap Dealers,Kabadiwala & Scrap Merchant,Shahjanpur,Uttar Pradesh,Baduzai II,2026-02-25 21:13:09,
279,Fine Complex,P9QR+364,,8554062222,0,4,Shopping,Shopping mall,Ambajogai,Maharashtra,P9QR+364,2026-02-25 21:13:09,
280,"Shalby Multi-Specialty Hospital, Jaipur","Under Pass Delhi - Ajmer Expressway, 200 Feet Bypass Rd, near Gandhi Path Road",,9057901410,14898,4.7,Hospitals,Specialized hospital,Jaipur,Rajasthan,Under Pass Delhi - Ajmer Expressway,2026-02-25 21:13:09,
281,Indore Crescent Waterpark,Temporarily closed,,8720888881,10501,4.2,Top Amusement Parks,Water park,Raghogarh,Madhya Pradesh,,2026-02-25 21:13:09,
282,Dr. Nitesh Lamoria,26 Swej Farm Road,,9090757585,41,5,Hospitals,Plastic surgeon,Jaipur,Rajasthan,26 Swej Farm Road,2026-02-25 21:13:09,
283,Kapil Stationery,"Azad Square, Nagar palika complex",,9826603037,109,4.3,Stationery Stores,Stationery store,Raghogarh,Madhya Pradesh,Azad Square,2026-02-25 21:13:09,
284,Girnar Amusement & Water Park,Temporarily closed,,8349733434,653,3.5,Top Amusement Parks,Water park,Raghogarh,Madhya Pradesh,,2026-02-25 21:13:09,
285,Osho stationery and MP Online,near new Bus stand,,9406806739,9,5,Stationery Stores,Stationery store,Raghogarh,Madhya Pradesh,near new Bus stand,2026-02-25 21:13:09,
286,It’z _Mandhi_Dhahabi _Mandhi_Restaurant_,"71, Bharathiyar Rd, opposite PSR THANGA MALIGAI",,7598224660,0,4,Digital Payment-Friendly Restaurants,Middle Eastern restaurant,Karaikal,Puducherry,71,2026-02-25 21:13:09,
287,Mittal Marketing and stationery,Radha colony telghani choraha k pass,,9685003089,5,4.2,Stationery Stores,Pen store,Raghogarh,Madhya Pradesh,Radha colony telghani choraha k pass,2026-02-25 21:13:09,
288,Paradise Signature,"12, BHARATHIYAR ROAD",,9894674603,0,4.2,Digital Payment-Friendly Restaurants,Restaurant,Karaikal,Puducherry,12,2026-02-25 21:13:09,
289,New Saraswati Sadan,090393 97950,,9039397950,1,3,Stationery Stores,Stationery store,Raghogarh,Madhya Pradesh,090393 97950,2026-02-25 21:13:09,
290,Aaradhya Interior Designer's,"Shreeji Hardware, Shop No. 1 Ashmi Plaza, Tilak Rd, behind Raj Palace",,7415552187,5,5,Interior Designer,,Ahmednagar,Maharashtra,Shreeji Hardware,2026-02-25 21:13:09,
291,SV INSURANCE,"Ajmer Rd, near ram nagar",,7850872146,6,5,Insurance Services,Insurance broker,Jaipur,Rajasthan,Ajmer Rd,2026-02-25 21:13:09,
292,Maid Services in India,Plot No-3/266/31,,8239480939,22,4.3,House keeping Services,House cleaning service,Jaipur,Rajasthan,Plot No-3/266/31,2026-02-25 21:13:09,
293,Dream Home Decor,Shop No 2,,7073330241,18,4.9,home decor,Clothing store,Jaipur,Rajasthan,Shop No 2,2026-02-25 21:13:09,
294,iffco Tokio General Insurance Co Ltd,"101, FIRST FLOOR, ARG CORPORATE PARK, GOPAL BADI, Ajmer Rd",,1414292800,54,3.2,Insurance Services,Insurance company,Jaipur,Rajasthan,101,2026-02-25 21:13:09,
295,Spaces Architects And Interior Designers,"City Center ,Office No.17, 2nd Floor",,9890020520,8,5,Interior Designer,,Ahmednagar,Maharashtra,City Center,2026-02-25 21:13:09,
296,REAL GULF MANDI,"WR2J+5JV, nagore mainroad , neravy, salai",,9787606403,312,3.9,Credit Card Payment Restaurants,Restaurant,Karaikal,Puducherry,WR2J+5JV,2026-02-25 21:13:09,
297,Murli Metals,67/68,,8299447764,0,5,Scrap Dealers,Scrap metal dealer,Kanpur,Uttar Pradesh,67/68,2026-02-25 21:13:09,
298,Home decor,"om dabha ke samne, Raj property, Gandhi Path Rd, nearby Jaipur",,8879464446,3,5,home decor,Window treatment store,Jaipur,Rajasthan,om dabha ke samne,2026-02-25 21:13:09,
299,RAJU HOUSEKEEPING AGENCY,"Shop No, 293, Kishanpole Bazar Rd",,8955335381,43,4.9,House keeping Services,Cleaning products supplier,Jaipur,Rajasthan,Shop No,2026-02-25 21:13:09,
300,RADHA MOHAN ENTERPRISE,093692 62709,,9369262709,0,0,Scrap Dealers,Scrap metal dealer,Kanpur,Uttar Pradesh,093692 62709,2026-02-25 21:13:09,
301,HDFC ERGO Insurance Agent: Sunita Gupta,"Plot No 1, Indra Colony Rd",,7942759223,12,5,Insurance Services,Insurance broker,Jaipur,Rajasthan,Plot No 1,2026-02-25 21:13:09,
302,Home Decor,38/261-262,,8233900195,67,4.6,home decor,Window treatment store,Jaipur,Rajasthan,38/261-262,2026-02-25 21:13:09,
303,Aakruti Interiors,"Kanchan Palace, behind Anand Rushiji Hospital, beside Anand Rushiji Blood Bank",,9881699699,0,0,Interior Designer,,Ahmednagar,Maharashtra,Kanchan Palace,2026-02-25 21:13:09,
304,House Maid Service - Part time & Full time,"B/213, Vaishali Marg",,9024793879,5,4.2,House keeping Services,House cleaning service,Jaipur,Rajasthan,B/213,2026-02-25 21:13:09,
305,Hotel Karaikal,"183, Anna Salai",,4134200801,1103,3.8,Debit Card Payment Dining,Chettinad,Karaikal,Puducherry,183,2026-02-25 21:13:09,
306,United India Insurance Company Limited,"N B C C Center, Sahakar Marg",,1412742242,122,4,Insurance Services,Insurance company,Jaipur,Rajasthan,N B C C Center,2026-02-25 21:13:09,
307,Vastuvit Design Institute (Nata Classes Ahmednagar),"Flat No.108, Kohinoor Plaza",,9011630372,32,5,Interior Designer,Architecture school,Ahmednagar,Maharashtra,Flat No.108,2026-02-25 21:13:09,
308,Firstcry.com Store Ambajogai Guruwar Peth,"Jaju Capital, Balaji, Yogeshwari Mandir Marg",,9325086350,0,4.6,Shopping,Baby store,Ambajogai,Maharashtra,Jaju Capital,2026-02-25 21:13:09,
309,New Al Khaleej mandhi karaikal,081222 78811,,8122278811,181,4,Credit Card Payment Restaurants,Restaurant,Karaikal,Puducherry,081222 78811,2026-02-25 21:13:09,
310,Shamsi traders,"44/403, Nai Sarak Rd",,8048775806,0,5,Scrap Dealers,Jute exporter,Kanpur,Uttar Pradesh,44/403,2026-02-25 21:13:09,
311,UNITED INDIA INSURANCE COMPANY LTD,"FIRST FLOOR, DIGAMBER JAIN DHARMSHALA, Mirza Ismail Rd",,1412369745,82,4,Insurance Services,Insurance agency,Jaipur,Rajasthan,FIRST FLOOR,2026-02-25 21:13:09,
312,Urban Hands Cleaning Services,"Shop no. 12, Plot, 71, Chitrakoot Marg",,9257262464,69,4.9,House keeping Services,Cleaning Services,Jaipur,Rajasthan,Shop no. 12,2026-02-25 21:13:09,
313,(ISDT) Institute For Studies in Design & Technology,"6999, behind Cad Point, in front of Hormocare Lab",,7720029088,67,4.8,Interior Designer,,Ahmednagar,Maharashtra,6999,2026-02-25 21:13:09,
314,HDFC ERGO Insurance Agent: Manoj Kumar Sharma,"No M, 24",,7942761267,43,4.7,Insurance Services,Insurance broker,Jaipur,Rajasthan,No M,2026-02-25 21:13:09,
315,Shree Ram Clean Services,"no ७८३, shayam nagar plot, Gali no. 7",,9634988502,26,5,House keeping Services,House cleaning service,Jaipur,Rajasthan,no ७८३,2026-02-25 21:13:09,
316,Shivam Design & Construction,"4PGX+3VC, Pipeline Rd, near Shreeram chowk",,9284431830,6,5,Interior Designer,,Ahmednagar,Maharashtra,4PGX+3VC,2026-02-25 21:13:09,
317,Standard Insurify,"Office No. 715 , 5th floor, Anchor Mall",,7296813199,10,4.6,Insurance Services,Insurance agency,Jaipur,Rajasthan,Office No. 715,2026-02-25 21:13:09,
318,House Maid Services,"Cabin No.2, 132, Sector-9, Janak Marg, Chitrakoot",,8875883338,4,5,House keeping Services,House cleaning service,Jaipur,Rajasthan,Cabin No.2,2026-02-25 21:13:09,
319,Star super shopee,Bhaji mandi,,7387165016,0,0,Shopping,Shopping mall,Ambajogai,Maharashtra,Bhaji mandi,2026-02-25 21:13:09,
320,Kreatiive Spaces,Raj Bhavan Rd,,9116964566,20,5,home decor,Home improvement store,Jaipur,Rajasthan,Raj Bhavan Rd,2026-02-25 21:13:09,
321,NN ENTERPRISES INSURANCE SERVICES,"Rajadhok toll plaza, Near",,9828669996,120,5,Insurance Services,Insurance broker,Jaipur,Rajasthan,Rajadhok toll plaza,2026-02-25 21:13:09,
322,Archistic Design Studio,"Plot 19B, Sapkal hospital Chawk Near laxmi Bangels Sahakar Nagar, Pipeline Rd",,9975969471,6,4.8,Interior Designer,,Ahmednagar,Maharashtra,Plot 19B,2026-02-25 21:13:09,
323,PY02 Café,"VOC Bypass road, opp. Stadium",,9994467345,148,4.2,Credit Card Payment Restaurants,Restaurant,Karaikal,Puducherry,VOC Bypass road,2026-02-25 21:13:09,
324,Baba home decor,"Shop No 17 Krishna Kunj villa Shekhawat Marg, Kalwar Rd",,7976983257,106,5,home decor,Wallpaper store,Jaipur,Rajasthan,Shop No 17 Krishna Kunj villa Shekhawat Marg,2026-02-25 21:13:09,
325,Benchmark Architect,+91 241 232 2999,,2412322999,24,4.3,Interior Designer,,Ahmednagar,Maharashtra,+91 241 232 2999,2026-02-25 21:13:09,
326,Karai Lakshmi Mess,"WRHQ+PV3, 127, Rajathi nagar, Kamarajar Salai",,9842175311,1075,4.5,Credit Card Payment Restaurants,Seafood,Karaikal,Puducherry,WRHQ+PV3,2026-02-25 21:13:09,
327,Magma General Insurance Limited,"1st Floor, Gems Tower, Above Indusind bank, Jacob Road, Ajmer Rd",,8002663202,6,2.3,Insurance Services,Insurance company,Jaipur,Rajasthan,1st Floor,2026-02-25 21:13:09,
328,Jaipur care Center,"Plot No. 595, Riyazuddin Jumma Lohar",,9351952906,28,4.4,House keeping Services,Home health care service,Jaipur,Rajasthan,Plot No. 595,2026-02-25 21:13:09,
329,R C INTERIOR,"New Tilak Rd, near Hotel Paradise",,9595516969,11,5,Interior Designer,Interior construction contractor,Ahmednagar,Maharashtra,New Tilak Rd,2026-02-25 21:13:09,
330,Vivek Sindhu Commercial Complex,Vivek Sindhu' Complex,,9764033111,0,3.3,Shopping,Shopping mall,Ambajogai,Maharashtra,Vivek Sindhu' Complex,2026-02-25 21:13:09,
331,Istanbul Kitchen,096774 29191,,9677429191,781,4.1,Credit Card Payment Restaurants,Middle Eastern,Karaikal,Puducherry,096774 29191,2026-02-25 21:13:09,
332,Jai Jagdish Services,"8, Ayodhya Colony, Shalimar Bag, Ajmer Road",,9024741424,62,4.9,House keeping Services,Cleaning Services,Jaipur,Rajasthan,8,2026-02-25 21:13:09,
333,UA Design,"Sadguru plaza, Gulmohar Rd, near anand school",,9762269839,6,3.5,Interior Designer,Architect,Ahmednagar,Maharashtra,Sadguru plaza,2026-02-25 21:13:09,
334,क्यु-मार्ट स्टोर,Bhagwanbaba Chowk,,7028061040,0,4.5,Shopping,Clothing store,Ambajogai,Maharashtra,Bhagwanbaba Chowk,2026-02-25 21:13:09,
335,Chella mess,"32 nethaji nagar 2nd cross, Rayanpalayam Main Rd",,9952525911,461,4.1,Credit Card Payment Restaurants,Restaurant,Karaikal,Puducherry,32 nethaji nagar 2nd cross,2026-02-25 21:13:09,
336,Paramount Health Service & Insurance TPA Pvt. Ltd.,"D - 23, Tonk Road, Lal Kothi, Behind Hotel Radiant Star, Indrapuri, Jaipur, Rajasthan",,1412744247,54,3.3,Insurance Services,Corporate office,Jaipur,Rajasthan,D - 23,2026-02-25 21:13:09,
337,Parker Shirts Ambajogai,"Mohan Talkies Complex, Parli Rd, near Bus Stand",,8600366818,0,5,Shopping,Shopping mall,Ambajogai,Maharashtra,Mohan Talkies Complex,2026-02-25 21:13:09,
338,Prapti Interiors,Tapovan Rd,,7972027838,4,5,Interior Designer,,Ahmednagar,Maharashtra,Tapovan Rd,2026-02-25 21:13:09,
339,Wooden home Decor,Moti Doongri Rd,,9571977165,59,5,home decor,Woodworking supply store,Jaipur,Rajasthan,Moti Doongri Rd,2026-02-25 21:13:09,
340,ARS CONSTRUCTION (ASITIS PROJECTS),"Krishna Enclave, G - 19, ground, Ahmednagar - Aurangabad Rd, near RTO",,9890421818,9,5,Interior Designer,,Ahmednagar,Maharashtra,Krishna Enclave,2026-02-25 21:13:09,
341,Blush Beauty Cosmetic,"Pradnya Complex, opp. Reliance Petrol Pump",,8830831430,0,5,Shopping,Cosmetics store,Ambajogai,Maharashtra,Pradnya Complex,2026-02-25 21:13:09,
342,MicroClean,"Temporarily closed] B13, Rajputana Tower, KHATIPURA MOD, Khatipura Rd, near VAISHALI NAGAR",,8875222202,199,4.7,House keeping Services,House cleaning service,Jaipur,Rajasthan,B13,2026-02-25 21:13:09,
343,Furniture & Decor House,"1-4, Hanuman Villa, opp. Royal Heritage Haveli Hotel",,9314946232,39,4.6,home decor,Furniture store,Jaipur,Rajasthan,1-4,2026-02-25 21:13:09,
344,Al aamina restaurant family a/c,"58, Lemar street",,7708803307,58,3.9,Credit Card Payment Restaurants,Family-friendly,Karaikal,Puducherry,58,2026-02-25 21:13:09,
345,Mauli Plywood & Interiors,"Opp Tulsai Park Apartment, Near Citypride Hotel Juna Pimpalgav Malvi, Road",,8888362120,155,4.9,Interior Designer,Plywood supplier,Ahmednagar,Maharashtra,Opp Tulsai Park Apartment,2026-02-25 21:13:09,
346,Ericson Insurance TPA Pvt. Ltd,"Office No. 104, Fist Floor, Okay Plus Tower, near Vishal Mega Mart",,1414418753,5,5,Insurance Services,Health insurance agency,Jaipur,Rajasthan,Office No. 104,2026-02-25 21:13:09,
347,Rathore Plastic & Dummies,"Shop no. C-8 Ground Floor NEW HAMRAJ MARKET, opp. Chacha Nehru Hospital",,9336246794,21,4.7,Scrap Dealers,Plastic Products Supplier,Kanpur,Uttar Pradesh,Shop no. C-8 Ground Floor NEW HAMRAJ MARKET,2026-02-25 21:13:09,
348,House maid Services in Vidyadhar nagar,098878 14960,,9887814960,0,0,House keeping Services,House cleaning service,Jaipur,Rajasthan,098878 14960,2026-02-25 21:13:09,
349,ATHO HUT,Temporarily closed,,7200779172,117,4.8,Credit Card Payment Restaurants,Burmese,Karaikal,Puducherry,,2026-02-25 21:13:09,
350,ICONIC ASSOCIATES,Gulmohar Rd,,7972691878,7,5,Interior Designer,,Ahmednagar,Maharashtra,Gulmohar Rd,2026-02-25 21:13:09,
351,Chachan Traders,85/71,,8960777244,0,0,Scrap Dealers,Scrap metal dealer,Kanpur,Uttar Pradesh,85/71,2026-02-25 21:13:09,
352,Crystal Solution Services,"Temporarily closed] Radhe Villa, D 111, Ram Mandir Rd",,9828217776,122,4.7,House keeping Services,Cleaning Services,Jaipur,Rajasthan,Radhe Villa,2026-02-25 21:13:09,
353,All INDIA INSURANCE AND CLAIM SERVICES,MH SH 142,,9923440484,18,3.9,Insurance Services,Insurance agency,Ahmednagar,Maharashtra,MH SH 142,2026-02-25 21:13:09,
354,गृह Decor,"Shop No. 7 & 8, A 47, opp. Ram Mandir",,9602472459,22,5,home decor,Home improvement store,Jaipur,Rajasthan,Shop No. 7 & 8,2026-02-25 21:13:09,
355,Star Health Insurance,"3PXQ+7H8, Wahi Height , Lal Taki, Next to HDFC Bank Near Amar Hotel, Sarjepura Rd",,2416610345,29,3.6,Insurance Services,Insurance agency,Ahmednagar,Maharashtra,3PXQ+7H8,2026-02-25 21:13:09,
356,Home Decoration,"First Floor, Shop No. - 2, Shri Gulab Market, 10/17, near Swami Narayan Chauk",,7976249109,69,5,home decor,Furniture store,Jaipur,Rajasthan,First Floor,2026-02-25 21:13:09,
357,Nathkrupa Services - Mutual Fund Investment/ Health Insurance/ Life Insurance,Pipeline Rd,,9270719400,41,5,Insurance Services,Life insurance agency,Ahmednagar,Maharashtra,Pipeline Rd,2026-02-25 21:13:09,
358,INTERIOR WALA HOME DECOR SOLUTIONS,080058 93785,,8005893785,41,5,home decor,Window treatment store,Jaipur,Rajasthan,080058 93785,2026-02-25 21:13:09,
359,Yash House of Interior & Signage Work,"Gunjan state bank colony,, Borude mala, In front of sindhu mangal karyalay, Balikashram Road",,9922156933,1,5,Interior Designer,,Ahmednagar,Maharashtra,Gunjan state bank colony,2026-02-25 21:13:09,
360,Aimz Housekeeping Pvt.Ltd.(All Cleaning Material Supplier),098282 55554,,9828255554,1,5,House keeping Services,Cleaning products supplier,Jaipur,Rajasthan,098282 55554,2026-02-25 21:13:09,
361,Mauli Insurance Services,Wadgongupta Road,,8208235485,22,5,Insurance Services,Insurance agency,Ahmednagar,Maharashtra,Wadgongupta Road,2026-02-25 21:13:09,
362,Shreeji home decor,Khatipura Rd,,9571489656,21,4.6,home decor,Home goods store,Jaipur,Rajasthan,Khatipura Rd,2026-02-25 21:13:09,
363,Bajaj General Insurance Ltd.,"2nd Floor, Saraswati Bhawan, Chandni Chowk, behind Booth Hospital",,2416613600,11,3.8,Insurance Services,Insurance agency,Ahmednagar,Maharashtra,2nd Floor,2026-02-25 21:13:09,
364,Tres Atelier,"Sakhi Apartment, behind Samartha high school, Proffesor chowk",,8382818123,8,4.6,Interior Designer,Architecture firm,Ahmednagar,Maharashtra,Sakhi Apartment,2026-02-25 21:13:09,
365,Qwiky HQ,"Floor 1, Karni Plaza, 73-74, Swej Farm Rd",,9769770317,12,4.7,House keeping Services,House cleaning service,Jaipur,Rajasthan,Floor 1,2026-02-25 21:13:09,
366,PATIDAR ONLINE AND STATIONERY CENTER,"Ke Pas, Shree Ram-Krishna Mandir",,9630262458,3,5,Stationery Stores,Stationery store,Raghogarh,Madhya Pradesh,Ke Pas,2026-02-25 21:13:09,
367,Dream Home Decor,shop no:165,,9636661879,43,4.7,home decor,Interior Decorator,Jaipur,Rajasthan,shop no:165,2026-02-25 21:13:09,
368,Safe Environment International (Brush Ghar),E-760,,9314506550,23,4.3,House keeping Services,Cleaning Services,Jaipur,Rajasthan,E-760,2026-02-25 21:13:09,
369,Dk Home Decor,"Dk Home Decor, opp. Krupal Aashram, near Ganga Udyan Road",,9881767774,67,5,Interior Designer,Store,Ahmednagar,Maharashtra,Dk Home Decor,2026-02-25 21:13:09,
370,Modern Home Decor,"A Block, 100ft. Road 7, Ajmer Rd",,9829074382,39,5,home decor,Tile store,Jaipur,Rajasthan,A Block,2026-02-25 21:13:09,
371,Sam Services,Tilak Rd,,9225320320,4,4.8,Insurance Services,Insurance agency,Ahmednagar,Maharashtra,Tilak Rd,2026-02-25 21:13:09,
372,WAFFLE COURT,"Royal soudha tower, opp. Bypass road",,6374747275,0,4.8,Digital Payment-Friendly Restaurants,Restaurant,Karaikal,Puducherry,Royal soudha tower,2026-02-25 21:13:09,
373,Sanskar Statienory,Bus stand police thane ke samne,,9827264465,17,4.6,Stationery Stores,Stationery store,Raghogarh,Madhya Pradesh,Bus stand police thane ke samne,2026-02-25 21:13:09,
374,Sterling Hobbies,"Plot no 75 New, Ram Gali No.8, near Thakur Narayan Singh Marg",,9116122337,1,5,Hobbies,Hobby store,Jaipur,Rajasthan,Plot no 75 New,2026-02-25 21:13:09,
375,Royal Stationary,"02, Sitamau Rd",,9826577085,3,5,Stationery Stores,Stationery store,Raghogarh,Madhya Pradesh,02,2026-02-25 21:13:09,
376,Unndu Magizh Multi Cuisine Restaurant,"424/1, Bharathiyar Rd",,6382636320,0,4,Digital Payment-Friendly Restaurants,Restaurant,Karaikal,Puducherry,424/1,2026-02-25 21:13:09,
377,Absolute Web,"Temporarily closed] Vasant Tekdi, Ravindra Raut, Kamalini Banglow, Veer Savarkar Marg",,9763715721,2,4.5,Internet Website Designers,Website designer,Ahmednagar,Maharashtra,Vasant Tekdi,2026-02-25 21:13:09,
378,Craft Centre,"117-A, Gurunanak Pura, Raja Park,, Near PNB ATM",,9413288350,152,4.4,Hobbies,Craft store,Jaipur,Rajasthan,117-A,2026-02-25 21:13:09,
379,SHRADDHA HOME DECOR,"Shop No 7, Satyam Shivam Aparment, Balikashram Rd",,9881883993,6,4.3,Interior Designer,Interior Decorator,Ahmednagar,Maharashtra,Shop No 7,2026-02-25 21:13:09,
380,SANGAM STATIONERY & GENERAL STORES,Indus Town Road,,9736221718,3,4,Stationery Stores,Stationery store,Raghogarh,Madhya Pradesh,Indus Town Road,2026-02-25 21:13:09,
381,Samsung SmartPlaza - SRS Appliances,"69, Bharathiyar Rd, near by Trends",,9167238209,28,4.9,Electronics and Appliance Stores,Electronics store,Karaikal,Puducherry,69,2026-02-25 21:13:09,
382,Seagulls Restaurant,WV72+RFH Seagulls,,7826037823,0,3.6,Digital Payment-Friendly Restaurants,Restaurant,Karaikal,Puducherry,WV72+RFH Seagulls,2026-02-25 21:13:09,
383,Savita Sahitya Sadan,near canra bank,,9981437080,21,3.9,Stationery Stores,Store,Raghogarh,Madhya Pradesh,near canra bank,2026-02-25 21:13:09,
384,Himani stationery & gift shops,"Smarti school, Tekri Rd, ke samne budebalaji",,7489339363,9,5,Stationery Stores,Stationery store,Raghogarh,Madhya Pradesh,Smarti school,2026-02-25 21:13:09,
385,Rishabh stationary & General Store,Government School Road,,8359083747,1,5,Stationery Stores,Stationery store,Raghogarh,Madhya Pradesh,Government School Road,2026-02-25 21:13:09,
386,LE ARUL PARK,"436, Bharathiyar Rd",,8870831258,0,4.4,Digital Payment-Friendly Restaurants,Hotel,Karaikal,Puducherry,436,2026-02-25 21:13:09,
387,SaaRaa Fictions,"Ground Floor, 352-A, Lane No. 2",,9610364292,32,5,home decor,Furniture store,Jaipur,Rajasthan,Ground Floor,2026-02-25 21:13:09,
388,OXFORD stationers,"1, Infocity Shopping Complex, Shop. No A-22, Super Mall, near Gh-0",,9723174685,75,4.3,Stationery Stores,Stationery store,Raghogarh,Madhya Pradesh,1,2026-02-25 21:13:09,
389,Modern Garments,P9PQ+99P,,9158888688,35,3.5,Shopping,Clothing store,Ambajogai,Maharashtra,P9PQ+99P,2026-02-25 21:13:09,
390,Flora Cleaning Services India,Plot No. 56 Hasan Pura ( Near Civil Lines Matro Stetion,,9519888988,6,1.8,House keeping Services,House cleaning service,Jaipur,Rajasthan,Plot No. 56 Hasan Pura ( Near Civil Lines Matro Stetion,2026-02-25 21:13:09,
391,Home decor interior jaipur,"200fit Bypass, 82 Amar Nagar, Sangh Shakti Rd",,9602375098,2,5,home decor,Interior Decorator,Jaipur,Rajasthan,200fit Bypass,2026-02-25 21:13:09,
392,Axis Max Life Insurance,1st Floor Shri Dyneshwar Vasti Grah Savedi Road Near The Reymond Shop Mauli Arcade,,2416610764,47,4,Insurance Services,Insurance company,Ahmednagar,Maharashtra,1st Floor Shri Dyneshwar Vasti Grah Savedi Road Near The Reymond Shop Mauli Arcade,2026-02-25 21:13:09,
393,KBJaipur Servent Center & Man Power Suppliers,"A-31, Shri, Gali No-2, Rawal Ji Ka Bandha, Khatipura Rd",,8209196895,3,3.7,House keeping Services,House cleaning service,Jaipur,Rajasthan,A-31,2026-02-25 21:13:09,
394,SKA Design Studio,"B15, Kohinoor Plaza, Sarjepura Rd",,9975595234,3,5,Interior Designer,Architecture firm,Ahmednagar,Maharashtra,B15,2026-02-25 21:13:09,
395,Gopinath Munde chowk,P9HX+G6,,7499707514,8,4.9,Shopping,Market,Ambajogai,Maharashtra,P9HX+G6,2026-02-25 21:13:09,
396,Nav Prabha Sahitya Sadan,088395 81370,,8839581370,13,5,Stationery Stores,Store,Raghogarh,Madhya Pradesh,088395 81370,2026-02-25 21:13:09,
397,Food Stories,"WRHR+7MW, singaravelanar Salai",,9495679777,0,3.5,Digital Payment-Friendly Restaurants,Fast food restaurant,Karaikal,Puducherry,WRHR+7MW,2026-02-25 21:13:09,
398,Jaiswal Stationery,"main road, 26, Khargone - Khandwa Hwy",,9111546350,28,4.1,Stationery Stores,Stationery store,Raghogarh,Madhya Pradesh,main road,2026-02-25 21:13:09,
399,Anokha Shilpkar – Handicraft & Home Decor Store Jaipur,"plot no. 316, Vijay Path, opposite Mps School",,9649188185,81,5,home decor,Handicraft,Jaipur,Rajasthan,plot no. 316,2026-02-25 21:13:09,
400,Chola Insurance Xpress,4P6J+GXJ,,2412427702,30,4.2,Insurance Services,Insurance agency,Ahmednagar,Maharashtra,4P6J+GXJ,2026-02-25 21:13:09,
401,Hydra Corporation,Gulmohar Rd,,9697985597,6,5,Interior Designer,,Ahmednagar,Maharashtra,Gulmohar Rd,2026-02-25 21:13:09,
402,"Hand N Art Design Pvt. Ltd. - Woodcraft, Planters, Showpiece, Fountain and Gifts","70/47, Patel Marg",,6378090214,118,5,home decor,Handicrafts Wholesaler,Jaipur,Rajasthan,70/47,2026-02-25 21:13:09,
403,Reshma Japa Maid,"12, Khatipura Rd",,9694943131,8,5,House keeping Services,Home health care service,Jaipur,Rajasthan,12,2026-02-25 21:13:09,
404,Shree home decor,"4P9M+9C4, Professor Colony Chowk Rd",,8055196565,6,5,Interior Designer,Interior Decorator,Ahmednagar,Maharashtra,4P9M+9C4,2026-02-25 21:13:09,
405,SRS INSURANCE SERVICES,"Zendigate, MAHASTRA REFUREGATER, near SAROJ THETAR",,9096860242,1,5,Insurance Services,Auto insurance agency,Ahmednagar,Maharashtra,Zendigate,2026-02-25 21:13:09,
406,Cottonking,"मेवाड हॉटेल समोर, शिवाजी चौक",,9209010005,8,3.3,Shopping,Clothing store,Ambajogai,Maharashtra,मेवाड हॉटेल समोर,2026-02-25 21:13:09,
407,Brajendra home services,099836 79312,,9983679312,0,0,House keeping Services,House cleaning service,Jaipur,Rajasthan,099836 79312,2026-02-25 21:13:09,
408,Swamini Services,"Bhutkarwadi Rd, near Sai medical zopadi canteen",,9822781414,3,5,Insurance Services,Insurance broker,Ahmednagar,Maharashtra,Bhutkarwadi Rd,2026-02-25 21:13:09,
409,House 2 Home,"111/396, Shipra Path, near Vijay Path, near Vijaypath Tiraha Tiraha",,9928992576,191,4.8,home decor,Wallpaper store,Jaipur,Rajasthan,111/396,2026-02-25 21:13:09,
410,Harish Interior,Cottage corner,,7222043222,3,3.3,Interior Designer,Furniture store,Ahmednagar,Maharashtra,Cottage corner,2026-02-25 21:13:09,
411,Cleanforsure,"First Floor, AR apartment , D30 , F6",,7976866718,5,4.2,House keeping Services,Cleaning Services,Jaipur,Rajasthan,First Floor,2026-02-25 21:13:09,
412,HDFC Life Insurance,"2nd Flr, 201, Marc House, TP No4, PN 95/1, Nagar, Ahilyanagar- Manmad Rd, opp. Dutta Mandir",,7045690614,60,3.7,Insurance Services,Insurance company,Ahmednagar,Maharashtra,2nd Flr,2026-02-25 21:13:09,
413,HealthPro Medical Care - Jaipur,"Shop 2, 27, Govind Vihar, Gajsinghpura Ajmer Rd",,8769251101,12,5,Health Clinics,Free clinic,Jaipur,Rajasthan,Shop 2,2026-02-25 21:13:09,
414,All In One Services (INSURANCE AND FINANCE ),"ALL IN ONE SERVICES, Z P SCHOOL ROAD MAHAVEER COMPLAX 05",,8459449005,1,5,Insurance Services,Insurance agency,Ahmednagar,Maharashtra,ALL IN ONE SERVICES,2026-02-25 21:13:09,
415,Generali Central Life & General Insurance Co. Ltd,"MARC Square, 2nd Floor, Plot No 102/2/5 - T.P.IV, Near Kankriya Automobiles, Nagar Manmad Road",,2416618020,36,4.7,Insurance Services,Insurance company,Ahmednagar,Maharashtra,MARC Square,2026-02-25 21:13:09,
416,CARE,"F – 102, Chaitanya Marg, Near Bagaria Bhawan, C – Scheme, Jaipur – 302001, Chaitanya Marg, Prithviraj Rd",,1412224799,2,3,House keeping Services,Cleaning service,Jaipur,Rajasthan,F – 102,2026-02-25 21:13:09,
417,Om Interbuild Pop Ceiling,"G, 04, Balikashram Rd",,9168705559,1,5,Interior Designer,,Ahmednagar,Maharashtra,G,2026-02-25 21:13:09,
418,IndusInd Nippon Life Insurance,"Nakshara hight, Savedi Naka Rd",,0030008181,9,4.1,Insurance Services,Life insurance agency,Ahmednagar,Maharashtra,Nakshara hight,2026-02-25 21:13:09,
419,Fashion Point Design Institute,"Plot No 50, Burudgaon Rd, near Fulsaundar Mala",,9404718001,100,4.9,Interior Designer,Fashion design school,Ahmednagar,Maharashtra,Plot No 50,2026-02-25 21:13:09,
420,SBI Life Insurance Co Ltd,"1st Floor, Deshmukh Plaza, Savedi Naka Rd",,8002679090,19,3.9,Insurance Services,Insurance company,Ahmednagar,Maharashtra,1st Floor,2026-02-25 21:13:09,
421,19LINES DESIGN STUDIO /Architecture/Interior,"shop 05 Matoshree apartment ,opp to adiraj hotel ,near bhistabagh mahal, road",,7972915337,8,5,Interior Designer,Architecture firm,Ahmednagar,Maharashtra,shop 05 Matoshree apartment,2026-02-25 21:13:09,
422,Health care clinic,"B76, Gandhi Cir, near by Mukesh school",,9079850225,0,5,Health Clinics,Medical clinic,Jaipur,Rajasthan,B76,2026-02-25 21:13:09,
423,Aviva Life Insurance Company India Limited,"First Floor, Rainbow House, Savedi Rd, opposite Deepak Hospital",,2412429165,1,5,Insurance Services,Insurance agency,Ahmednagar,Maharashtra,First Floor,2026-02-25 21:13:09,
424,ASHVA Associates,Ahilyanagar - Kalyan Rd,,9834154387,10,5,Interior Designer,,Ahmednagar,Maharashtra,Ahilyanagar - Kalyan Rd,2026-02-25 21:13:09,
425,Om Clinic,"Khushi Sanshar, Krishna Enclave, 1C, Govindpura Rd",,6376254166,0,5,Health Clinics,Medical clinic,Jaipur,Rajasthan,Khushi Sanshar,2026-02-25 21:13:09,
426,Star Health Service,"Zopadi Canteen, Road",,9158725003,3,4.3,Insurance Services,Insurance agency,Ahmednagar,Maharashtra,Zopadi Canteen,2026-02-25 21:13:09,
427,Indian Academy of Fashion Designing,"Nagar, Ahilyanagar- Manmad Rd",,9423793464,86,5,Interior Designer,Training center,Ahmednagar,Maharashtra,Nagar,2026-02-25 21:13:09,
428,Health Care Clinic,"Johari Market, KGB Ka Rasta",,9414980074,0,5,Health Clinics,Hospital,Jaipur,Rajasthan,Johari Market,2026-02-25 21:13:09,
429,Mahavir insurance services ahilyanagar,"Dwarkadhish Colony, madhavbag road",,7620725544,2,5,Insurance Services,Insurance agent,Ahmednagar,Maharashtra,Dwarkadhish Colony,2026-02-25 21:13:09,
430,Aditya Birla Sun Life Insurance,"2nd Floor, Mauli Sankul, Savedi Rd",,8002707000,1,5,Insurance Services,Life insurance agency,Ahmednagar,Maharashtra,2nd Floor,2026-02-25 21:13:09,
431,Shivadnya Fashion Designer,"Priyanka traders shejari, Ekvira chowk, Pipeline Rd",,8182838043,15,5,Interior Designer,Fashion designer,Ahmednagar,Maharashtra,Priyanka traders shejari,2026-02-25 21:13:09,
432,S.K ASSOCIATE AND GROUP,"Hansraj Market, Plot no 54, Market Yard Rd, near Chatrapati Shivaji Maharaj Statue",,9595691112,1,5,Insurance Services,Insurance broker,Ahmednagar,Maharashtra,Hansraj Market,2026-02-25 21:13:09,
433,Shiv Health Clinic,"VQH8+QJM, Shanti Nagar Rd",,8000207016,0,5,Health Clinics,Medical clinic,Jaipur,Rajasthan,VQH8+QJM,2026-02-25 21:13:09,
434,Digit Insurance,"Office No. 301, 3rd floor, Kalika Pride, Lal Taki Road",,8002585956,19,4.7,Insurance Services,Insurance company,Ahmednagar,Maharashtra,Office No. 301,2026-02-25 21:13:09,
435,3D Canvas,Burudgaon Rd,,9270213494,15,5,Interior Designer,Architectural designer,Ahmednagar,Maharashtra,Burudgaon Rd,2026-02-25 21:13:09,
436,MAHESH JOSH INSURANCE SERVICES,"4PGW+CQ4, Pipeline Rd",,9975090990,0,0,Insurance Services,Insurance agency,Ahmednagar,Maharashtra,4PGW+CQ4,2026-02-25 21:13:09,
437,Insurance and Investment Service Center,"Infront of Ahilya Devi Mandir , A/P-Sonai, Tal-Newasa, Dist-Ahmednagar.",,9822108692,4,3.5,Insurance Services,Insurance agency,Ahmednagar,Maharashtra,Infront of Ahilya Devi Mandir,2026-02-25 21:13:09,
438,Canara HSBC Life Insurance,"Building No. E, The Courtyard, 6th Floor, Office No. E-609, opposite Tarakpur Stand",,8484097008,25,5,Insurance Services,Life insurance agency,Ahmednagar,Maharashtra,Building No. E,2026-02-25 21:13:09,
439,Medinova Health Clinic,"plot no-50,street no-3,krishna nager vistar bennar road",,9782626393,0,5,Health Clinics,Medical clinic,Jaipur,Rajasthan,plot no-50,2026-02-25 21:13:09,
440,Bharti Axa Life Insurance Company Limited,"1st Floor Wahi Gold Sajepura, Laltaki Road, Ahilyanagar - Pathardi - Beed Rd",,8001024444,1,1,Insurance Services,Insurance agency,Ahmednagar,Maharashtra,1st Floor Wahi Gold Sajepura,2026-02-25 21:13:09,
441,Kiran health care and clinic (Home care),"Rupam enclave, RIICO Rd",,8696544444,0,5,Health Clinics,Medical clinic,Jaipur,Rajasthan,Rupam enclave,2026-02-25 21:13:09,
442,Iffco Tokio General Insurance Co Ltd,"2nd floor, Above Saraswat Bank, Manmad Rd, opp. Deepak Detrol Pump",,8001035499,9,3.3,Insurance Services,Insurance company,Ahmednagar,Maharashtra,2nd floor,2026-02-25 21:13:09,
443,Dr. Upendra Sharma Hematologist,Near Gopalpura Byepass,,7426917333,0,4.2,Health Clinics,Haematologist,Jaipur,Rajasthan,Near Gopalpura Byepass,2026-02-25 21:13:09,
444,Cholamandalam MS General Insurance Company Ltd,"Sub Plot No. 1, out of Final, Shop No. 3, Ground Floor, Parag Plaza, Plot No. 200 - 206, Ahilyanagar- Manmad Rd, nr. Lokmat Bhavan",,8002085544,0,0,Insurance Services,Insurance company,Ahmednagar,Maharashtra,Sub Plot No. 1,2026-02-25 21:13:09,
445,Health Clinic,"WQ7F+M3J, 60 Feet Rd",,7615949439,0,0,Health Clinics,Medical clinic,Jaipur,Rajasthan,WQ7F+M3J,2026-02-25 21:13:09,
446,"LIC of India, Branch Office","LIC Bldg, Kings Rd",,2412325152,117,4.1,Insurance Services,Insurance company,Ahmednagar,Maharashtra,LIC Bldg,2026-02-25 21:13:09,
447,Apna health care center,"Shop no.10, JDA SCHEME, Tonk Rd, near by POLICE STATION",,8863870273,0,5,Health Clinics,Medical clinic,Jaipur,Rajasthan,Shop no.10,2026-02-25 21:13:09,
448,HDFC ERGO General Insurance,"Flat No 101, Gopaldham Society, Balika Ashram Road",,2262346234,0,0,Insurance Services,Insurance broker,Ahmednagar,Maharashtra,Flat No 101,2026-02-25 21:13:09,
449,Govind Health Clinic,"8, Amer Rd, opp. Samrat Cinema",,7597048931,0,5,Health Clinics,Medical clinic,Jaipur,Rajasthan,8,2026-02-25 21:13:09,
450,Purnima Stationery And Online Solution (6AM to 10 PM),Hospital road,,9425136224,2,5,Stationery Stores,Stationery store,Raghogarh,Madhya Pradesh,Hospital road,2026-02-25 21:13:09,
451,Amar Madhyan's General Insurance Services,"Temporarily closed] 11, Kasturi Apts, opp. Samarth Jogging Park",,9423791097,0,0,Insurance Services,Health insurance agency,Ahmednagar,Maharashtra,11,2026-02-25 21:13:09,
452,Trilok Health Care,"VWM2+J7J, Bawari Auto Stand, Agra Rd",,9667939058,0,5,Health Clinics,Medical clinic,Jaipur,Rajasthan,VWM2+J7J,2026-02-25 21:13:09,
453,Bhagwati General and stationary,097548 40263,,9754840263,1,5,Stationery Stores,Stationery store,Raghogarh,Madhya Pradesh,097548 40263,2026-02-25 21:13:09,
454,Interior decorator choomantar,"24choomantar interiors, tapidas Lane",,9405230838,11,4.5,Interior Designers,Interior Decorator,Ahmednagar,Maharashtra,24choomantar interiors,2026-02-25 21:13:09,
455,saluja stationery,"in fornt of Bank of India, Bus Stand, Main road",,9977087311,1,5,Stationery Stores,Store,Raghogarh,Madhya Pradesh,in fornt of Bank of India,2026-02-25 21:13:09,
456,shree balaji stationery,099075 91062,,9907591062,1,5,Stationery Stores,Store,Raghogarh,Madhya Pradesh,099075 91062,2026-02-25 21:13:09,
457,VIDHYA SAHITYA SADAN,F549+PMJ,,9425723108,1,4,Stationery Stores,Book store,Raghogarh,Madhya Pradesh,F549+PMJ,2026-02-25 21:13:09,
458,"Bhagwan Stationery,Vijaygram",Bus stand,,9425304225,28,4.2,Stationery Stores,General store,Raghogarh,Madhya Pradesh,Bus stand,2026-02-25 21:13:09,
459,Dahale Inssurance Services,"Temporarily closed] Shop No 01, Loni Rd, opp. Zp School",,9067935975,1,5,Insurance Services,Insurance agency,Ahmednagar,Maharashtra,Shop No 01,2026-02-25 21:13:09,
460,Datta Stationery Mart,"Shop No. 247, Mg Road",,9755296847,3,3.7,Stationery Stores,Book store,Raghogarh,Madhya Pradesh,Shop No. 247,2026-02-25 21:13:09,
461,Shree electrical and sanitary hardware,"XM4G+VG5, Kalwar Rd",,7976579302,1,5,Hardware and Electrical Shops,Electronics store,Jaipur,Rajasthan,XM4G+VG5,2026-02-25 21:13:09,
462,Ganpati Electricals And Sanitary Hardware,"F-12, Ramesh Marg",,7073030741,14,4.7,Hardware and Electrical Shops,Hardware store,Jaipur,Rajasthan,F-12,2026-02-25 21:13:09,
463,JAIN SALES,"face-02, Gail campus shopping complex, first floor shop no-01",,8889777556,1,5,Stationery Stores,Stationery store,Raghogarh,Madhya Pradesh,face-02,2026-02-25 21:13:09,
464,Growel Electricals- Electric Supply Store,"D 11, Mirza Ismail Rd, near Panch Batti",,9314008797,65,4.8,Hardware and Electrical Shops,Electrical supply store,Jaipur,Rajasthan,D 11,2026-02-25 21:13:09,
465,Yadav stationery & online,"Temporarily closed] Hatpipliya road, fata",,7610350503,9,5,Stationery Stores,Stationery store,Raghogarh,Madhya Pradesh,Hatpipliya road,2026-02-25 21:13:09,
466,Krishna Hardware & Electricals,"Road No-5, Opposite Police Thane, Sikar Rd",,9982187108,21,4,Hardware and Electrical Shops,Hardware store,Jaipur,Rajasthan,Road No-5,2026-02-25 21:13:09,
467,"Shree Ganesh Electricals & Hardware, Hasanpura","NBC Road, d-56, Tank Rd",,9214915396,2,4.5,Hardware and Electrical Shops,Electrical supply store,Jaipur,Rajasthan,NBC Road,2026-02-25 21:13:09,
468,Gurunanak Hardware And Electrical,"Shop No1, Hardware And Electrical, Guru Nanak Marg",,9214536378,1,5,Hardware and Electrical Shops,Hardware store,Jaipur,Rajasthan,Shop No1,2026-02-25 21:13:09,
469,Oxygen Auto - Shiv Motors,"Gautam Buddha Balak Inter College, near Gautam Budha",,7669585741,0,5,Scrap Dealers,Scrap metal dealer,Greater Noida,Uttar Pradesh,Gautam Buddha Balak Inter College,2026-02-25 21:13:09,
470,Balaji Hardware and Electrical,"327, Benad Rd",,7339876150,8,5,Hardware and Electrical Shops,Electrical products wholesaler,Jaipur,Rajasthan,327,2026-02-25 21:13:09,
471,Shree Sales Electric Store,"4, Ajmer Rd, Opposite Aashish Hotel",,9351156813,14,4.6,Hardware and Electrical Shops,Hardware store,Jaipur,Rajasthan,4,2026-02-25 21:13:09,
472,"Ansh Traders: Havells electrical, sanitary, building materials, decorative lights, Dr. Fixit products & contractor services.",Keshopura bus stand,,7737068641,23,5,Hardware and Electrical Shops,Hardware store,Jaipur,Rajasthan,Keshopura bus stand,2026-02-25 21:13:09,
473,Kartik Electrical Hardware And Senetry,"Shop 47, 48, Khori Rd",,9950728962,8,4.6,Hardware and Electrical Shops,Hardware store,Jaipur,Rajasthan,Shop 47,2026-02-25 21:13:09,
474,M Rana Herbal Health Clinic,"Sahva, Jaipur, NH-11C, Jaipur Road, Jaipur",,9460474564,0,0,Health Clinics,Medical clinic,Jaipur,Rajasthan,Sahva,2026-02-25 21:13:09,
475,Fashion Mark,St Inez Rd,,08322999707,0,4.8,fashion store,Boutique,Taleigao,Goa,St Inez Rd,2026-02-25 21:13:09,
476,nutrition centre,"144-2, Thomas Arul St, near IDBI Bank",,8973289743,2,3.5,Dietitians,Weight loss service,Karaikal,Puducherry,144-2,2026-02-25 21:13:09,
477,"Jai Bhagwan Electricals, Hardware Sanitary","Jaipur-Kishangarh Expy, Puliya Crossing",,9314407302,5,4.8,Hardware and Electrical Shops,Hardware store,Jaipur,Rajasthan,Jaipur-Kishangarh Expy,2026-02-25 21:13:09,
478,R N services,"House, Ekveera Chowk, https://maps.app.goo.gl/s3bkHhk1Dnrn6Juk7, 350 Chal number 44, Pipeline Road",,8408855227,31,4.8,House Keeping Services,House cleaning service,Ahmednagar,Maharashtra,House,2026-02-25 21:13:09,
479,Crackle Box Wholesale Outlet,behind Shankar Temple,,08550910320,0,4.8,fashion store,Clothing store,Taleigao,Goa,behind Shankar Temple,2026-02-25 21:13:09,
480,Shubham Electrical & Hardware,"Shop No-3, Main, Sikar Rd, opposite Road Number 4, near Goyal Urology Hospital",,9828131530,1,5,Hardware and Electrical Shops,Hardware store,Jaipur,Rajasthan,Shop No-3,2026-02-25 21:13:09,
481,"Lifestyle Nutrition Centre Pondicherry (Weight loss, Weight Gain & Healthy lifestyle)","21A Vallalar Salai, 45 Feet Rd",,9940008169,234,4.9,Dietitians,Nutritionist,Karaikal,Puducherry,21A Vallalar Salai,2026-02-25 21:13:09,
482,Abdulla Scrap,"Banjaron Ka Pull, 11",,9045040248,0,5,Scrap Dealers,Chicken & Mutton Shop,Saharanpur,Uttar Pradesh,Banjaron Ka Pull,2026-02-25 21:13:09,
483,Shri Swami Samarth water tank house cleaning service,"shop no.03, shivmangal Apartment",,9763104274,33,5,House Keeping Services,Cleaners,Ahmednagar,Maharashtra,shop no.03,2026-02-25 21:13:09,
484,Shri Bhagawati Hardware & Electricals,"VPVW+MVM, Ajmer Rd, Near Om Sweets",,9414248287,1,5,Hardware and Electrical Shops,Hardware store,Jaipur,Rajasthan,VPVW+MVM,2026-02-25 21:13:09,
485,Modish Boutique,"Shop 16, Marao Kenny Complex, behind Black Palette",,09529220653,0,5,fashion store,Boutique,Taleigao,Goa,Shop 16,2026-02-25 21:13:09,
486,S.K TRADERS,"Nanka S.K TRADERS, Saharanpur Rd",,7078968820,0,0,Scrap Dealers,Scrap metal dealer,Saharanpur,Uttar Pradesh,Nanka S.K TRADERS,2026-02-25 21:13:09,
487,All India Insurance Mall And Claim Services,Temporarily closed] Near Icici Bank Ambar Plaza,,9623144555,0,0,Insurance Services,Insurance agency,Ahmednagar,Maharashtra,Near Icici Bank Ambar Plaza,2026-02-25 21:13:09,
488,Aqua Clean Water tank Cleaning Services,"62, Pipeline, Society",,9272949095,3,5,House Keeping Services,Cleaners,Ahmednagar,Maharashtra,62,2026-02-25 21:13:09,
489,Sahara Clinic,"XV29+WW5, Near Post office",,9887419624,0,4.8,Health Clinics,Hospital,Jaipur,Rajasthan,XV29+WW5,2026-02-25 21:13:09,
490,Arif Scrap,14/574,,9058786779,0,0,Scrap Dealers,Hardware store,Saharanpur,Uttar Pradesh,14/574,2026-02-25 21:13:09,
491,HDFC ERGO General Insurance,"Suyash Apartment Sawedi, Plot No 270, opposite Renuka Mata mandir",,2262346234,0,0,Insurance Services,Insurance broker,Ahmednagar,Maharashtra,Suyash Apartment Sawedi,2026-02-25 21:13:09,
492,Fashion Fabric,"Shop No. 8, Dukle Heaven, near Yamaha Showroom",,09867275524,0,4.3,fashion store,Clothing store,Taleigao,Goa,Shop No. 8,2026-02-25 21:13:09,
493,Maheshwari Electric & Hardware Store,"Shop No. 121, New Aatish Market, Gujar Ki Thadi, Mansarovar",,9829055367,33,3.9,Hardware and Electrical Shops,Hardware store,Jaipur,Rajasthan,Shop No. 121,2026-02-25 21:13:09,
494,"S.S.D Nutrition Centre Weight Loss, Weight Gain","70, Ayyanar Koil St",,8610329209,231,5,Dietitians,Nutritionist,Karaikal,Puducherry,70,2026-02-25 21:13:09,
495,BStylish,"Navelkar Trade Center, MG Road",,08888862600,0,4.9,fashion store,Western apparel store,Taleigao,Goa,Navelkar Trade Center,2026-02-25 21:13:09,
496,Janu Hardware Electrical & Sanitary,"49,CHANDA VIHAR, Sirsi Rd",,9761463546,1,5,Hardware and Electrical Shops,Hardware store,Jaipur,Rajasthan,49,2026-02-25 21:13:09,
497,Nutrition Center,"27, Sengunthar St",,9894258338,2,5,Dietitians,Nutritionist,Karaikal,Puducherry,27,2026-02-25 21:13:09,
498,KPS SCRAP DEALER,"police choke, Near",,9870998212,0,0,Scrap Dealers,Salvage yard,Saharanpur,Uttar Pradesh,police choke,2026-02-25 21:13:09,
499,Fab Studio,"Shop No.8, bldg-J, Amaral, Taleigao Rd, near Bank of Baroda",,09511622813,0,5,fashion store,Women's clothing store,Taleigao,Goa,Shop No.8,2026-02-25 21:13:09,
500,Anand Nutrition Center,"341, Kamaraj Salai, opp. Banana Leaf Hotel",,9443493572,53,4.9,Dietitians,Weight loss service,Karaikal,Puducherry,341,2026-02-25 21:13:09,
501,ck pan,near bypass,www.ck.com,9313428775,0,0.0,pan sho[,,rajkot,gujarat,bypass road,2026-03-30T16:01:44,
502,dk trading,near modi school,,9323456781,0,0.0,trading,,jamnagar,gujrat,pushkardham,2026-04-10T16:35:37,
503,DK resort,near varacha,,9876543219,0,0.0,resort,,surat,gujarat,mota varacha,2026-04-10T16:40:48,
504,kd resort,surat,,9876655433,0,0.0,resort,,surat,Gujarat,kapodra,2026-04-10T16:54:26,
505,sir tution,near mp school,,7865432774,0,0.0,education,,surat,gujarat,mota varachha,2026-04-10T16:59:43,danti1301@gmail.com
506,RK gold brothers,near indira chock,,9998887666,0,0.0,jeweleery,,rajkot,Gujarat,indira chock,2026-04-11T15:29:05,darshitkachhadiya19@gmail.com
507,dd jewellers,near indira circle,,8777777777,0,0.0,jeewellers,,rajkot,Gujarat,indira circle,2026-04-14T12:00:47,darshitkachhadiya19@gmail.com
531,Sharma Bakery & Sweets,"Shop 12, Prime Arcade, Anand Mahal Road, Adajan",https://www.sharmabakerysurat.com,+91 98250 12345,245,4.6,Bakery,"Cake Shop, Desserts, Indian Sweets",Surat,Gujarat,Adajan,2026-06-25T12:58:15,info@sharmabakerysurat.com
532,Krishna Dental Care & Implant Centre,"201, Landmark Building, Link Road, Andheri West",https://www.krishnadentalcare.in,+91 22 2673 9876,188,4.8,Clinic,"Dentist, Orthodontist, Dental Surgery",Mumbai,Maharashtra,Andheri West,2026-06-25T12:58:15,appointments@krishnadentalcare.in
533,Royal Palms Luxury Hotel & Suites,"88, Koregaon Park Road, Lane 5",https://www.royalpalmshotelpune.com,+91 20 6612 3400,512,4.7,Hotel,"Luxury Stay, Fine Dining, Conference Hall",Pune,Maharashtra,Koregaon Park,2026-06-25T12:58:15,reservations@royalpalmshotelpune.com
534,FitLife Unisex Gym & Fitness Centre,"4th Floor, Sector 5, HSR Layout",https://www.fitlifegymbengaluru.com,+91 80 4956 7890,320,4.5,Gym,"Fitness Trainer, Yoga Class, Cardio, Weightlifting",Bengaluru,Karnataka,HSR Layout,2026-06-25T12:58:15,support@fitlifegymbengaluru.com
535,Apollo Pharmacy Adajan,"Ground Floor, Sunrise Tower, Adajan",https://www.apollopharmacy.in,+91 98790 54321,98,4.4,Pharmacy,"Medicines, Healthcare Products, Baby Care",Surat,Gujarat,Adajan,2026-06-25T12:58:15,adajan@apollopharmacy.in
536,TechVeda IT Solutions & Consultancy,"Phase II, Hitech City, Madhapur",https://www.techvedasolutions.com,+91 40 4823 4567,75,4.6,IT Services,"Software Development, Web Design, Mobile Apps",Hyderabad,Telangana,Madhapur,2026-06-25T12:58:15,contact@techvedasolutions.com
537,Gourmet Garden Organic Cafe,"Shop 4, Palladium Mall, Bodakdev",https://www.gourmetgardencafe.com,+91 79 4001 2345,142,4.5,Cafe,"Vegetarian Bistro, Specialty Coffee, Organic Food",Ahmedabad,Gujarat,Bodakdev,2026-06-25T12:58:15,hello@gourmetgardencafe.com
538,StyleCraft Hair & Beauty Unisex Salon,"1st Floor, Galaxy Plaza, VIP Road, Vesu",https://www.stylecraftsalon.com,+91 99090 98765,210,4.7,Salon,"Haircut, Bridal Makeup, Facial, Hair Spa",Surat,Gujarat,Vesu,2026-06-25T12:58:15,appointments@stylecraftsalon.com
539,SmartMart Supermarket & Grocery,"Ground Floor, Milestone Building, Alkapuri",https://www.smartmartsupermarket.com,+91 265 233 4455,315,4.3,Grocery,"Supermarket, Fresh Vegetables, Daily Needs",Vadodara,Gujarat,Alkapuri,2026-06-25T12:58:15,alkapuri@smartmartsupermarket.com
540,Speedy Wheels Car Service & Repair,"Plot 45, MIDC Industrial Area, Satpur",https://www.speedywheelscarcare.com,+91 253 235 6677,110,4.5,Automobile,"Car Wash, Wheel Alignment, Engine Repair",Nashik,Maharashtra,Satpur,2026-06-25T12:58:15,satpur@speedywheelscarcare.com
<<<<<<< HEAD
574,Merchant Test Cafe,123 Main St,,1234567890,0,0.0,Cafe,,pune,,,2026-06-26T16:04:19,testmerchant_9705@example.com
575,Merchant Test Cafe,123 Main St,,1234567890,0,0.0,Cafe,,pune,,,2026-06-26T16:04:39,testmerchant_1632@example.com
=======
586,ai scanner,"online , varanasi",,9336058326,0,0.0,job search,,varanasi,up,varanasi,2026-06-26T12:38:19,vimalprakashgnesvns@gmail.com
598,ai resume,up varanasi pandeypur,,9336058326,0,0.0,job,,varanasi,uttar pradesh,varanasi,2026-06-26T12:48:53,vimalprakashgnesvns@gmail.com
>>>>>>> upstream/main
656,Test Reviews Shop,123 Review Lane,,9999900000,0,0.0,Spa,,surat,Gujarat,Athwa,2026-06-30T09:33:21,reviews@shop.com
658,Test Reviews Shop 1782792356,123 Review Lane 1782792356,,9999992356,0,0.0,Spa,,surat,Gujarat,Athwa,2026-06-30T09:35:56,reviews_1782792356@shop.com
660,Test Reviews Shop 1782792438,123 Review Lane 1782792438,,9999992438,0,0.0,Spa,,surat,Gujarat,Athwa,2026-06-30T09:37:18,reviews_1782792438@shop.com
662,Test Reviews Shop 1782792467,123 Review Lane 1782792467,,9999992467,0,0.0,Spa,,surat,Gujarat,Athwa,2026-06-30T09:37:47,reviews_1782792467@shop.com
664,Test Reviews Shop 1782792492,123 Review Lane 1782792492,,9999992492,0,0.0,Spa,,surat,Gujarat,Athwa,2026-06-30T09:38:12,reviews_1782792492@shop.com
665,Test Reviews Shop 1782792506,123 Review Lane 1782792506,,9999992506,0,0.0,Spa,,surat,Gujarat,Athwa,2026-06-30T09:38:26,owner_1782792506@spa.com
760,HetherHeights,RKP,,7303703569,0,0.0,Hotel,,ne wDelhi,Delhi,rkp,2026-07-08T18:27:48,jennachandel14@gmail.com
761,cafe shine,rkf,,7303703569,0,0.0,cafe,,delhi,dlehi,gfkr,2026-07-08T18:30:10,jennachandel14@gmail.com
762,Cafe Shine,rkp,,7303703569,0,0.0,cafe,,del,delhi,rkp,2026-07-08T18:46:21,jennachandel14@gmail.com
